example_id,source,text,reference,prediction,raw_output,input_tokens,output_tokens,latency_seconds,tokens_per_second
112,ag_news,"Ukraine PM on Verge of Victory, Rival Cries Foul  KIEV (Reuters) - Ukraine's prime minister was on the verge  of victory in a presidential election on Monday but his liberal  rival accused the authorities of mass fraud and told thousands  of supporters to stay on the streets in protest.","- Ukraine PM on Verge of Victory, Rival Cries Foul KIEV (Reuters).
- Ukraine PM on Verge of Victory, Rival Cries Foul KIEV (Reuters) - Ukraine's prime minister was on the verge of victory in a presidential election on Monday but his liberal rival accused the authorities of mass fraud and told thousands of supporters to stay...","- Ukraine PM on Verge of Victory, Rival Cries Foul KIEV (Reuters) - Premier minister was on the verge of victory in a presidential election on Monday but his liberal rival accused the authorities of mass fraud and told thousands of supporters to stay on the streets in protest.","<BULLET> Ukraine PM on Verge of Victory, Rival Cries Foul KIEV (Reuters) - Premier minister was on the verge of victory in a presidential election on Monday but his liberal rival accused the authorities of mass fraud and told thousands of supporters to stay on the streets in protest.",270,64,2.1519194220001054,29.74089054901279
236,ag_news,"Advocate Or Promoter? (Forbes.com) Forbes.com - As the second employee of InfoSpace, Jean-Remy Facq saw the value of his stock inflate and then collapse. Now he's suing in federal court in Seattle for a  #36;4.5 million refund of 1999 federal income tax. He's just one of 200 tech workers who have hired Seattle tax lawyer/CPA Brian G. Isaacson in the hope his novel theories will help them slash old (and sometimes unpaid) tax bills from their exercise of stock options for shares that later tanked.","- Advocate Or Promoter? (Forbes.com) Forbes.com.
- Advocate Or Promoter? (Forbes.com) Forbes.com - As the second employee of InfoSpace, Jean-Remy Facq saw the value of his stock inflate and then collapse.
- Now he's suing in federal court in Seattle for a #36;4.5 million refund of 1999 federal income tax.","- Advocate Or Promoter?
- Jean-Remy Facq saw the value of his stock inflate and then collapse.
- Now he's suing in federal court in Seattle for a #36;4.5 million refund of 1999 federal income tax.
- He's just one of 200 tech workers who have hired Seattle tax lawyer/CPA Brian G. Isaacson in the hope his novel theories will help them slash old (and sometimes unpaid) tax bills from their exercise of stock options for shares that later tanked",<BULLET> Advocate Or Promoter?<BULLET> Jean-Remy Facq saw the value of his stock inflate and then collapse.<BULLET> Now he's suing in federal court in Seattle for a #36;4.5 million refund of 1999 federal income tax.<BULLET> He's just one of 200 tech workers who have hired Seattle tax lawyer/CPA Brian G. Isaacson in the hope his novel theories will help them slash old (and sometimes unpaid) tax bills from their exercise of stock options for shares that later tanked,335,114,4.003631300000052,28.4741504543634
274,ag_news,"Mass. Electric seeks 10 rate hike Blaming recent run-ups in the prices of natural gas and oil, Massachusetts Electric Co. sought permission yesterday to raise rates by nearly 10 percent for 425,000 of its customers starting in November.","- Electric seeks 10 rate hike Blaming recent run-ups in the prices of natural gas and oil, Massachusetts Electric Co. sought permission yesterday to raise rates by nearly 10 percent for 425,000 of its customers starting in November.","- Mass.
- seeks 10 rate hike Blaming recent run-ups in the prices of natural gas and oil, Massachusetts Electric Co.
- sought permission yesterday to raise rates by nearly 10 percent for 425,000 of its customers starting in November.","<BULLET> Mass.<BULLET> seeks 10 rate hike Blaming recent run-ups in the prices of natural gas and oil, Massachusetts Electric Co.<BULLET> sought permission yesterday to raise rates by nearly 10 percent for 425,000 of its customers starting in November.",254,52,2.3289737290000403,22.327430899070954
415,ag_news,"Save the Hubble The Issue: Space telescope was condemned to a lingering death. Our View: New report gives support to a manned rescue mission. The Hubble telescope may well be the most successful observatory ever built, producing","- Save the Hubble The Issue.
- Save the Hubble The Issue: Space telescope was condemned to a lingering death.
- Our View: New report gives support to a manned rescue mission.",- Space telescope was condemned to a lingering death.,<BULLET> Space telescope was condemned to a lingering death.,255,14,0.6248389139999517,22.405774810627562
24,cnn_dailymail,"(CNN)Tornadoes, fierce winds and severe thunderstorms with large hail are predicted for the Midwest and for the Plains, from the Ozarks eastward to the lower Ohio Valley, on Thursday and Friday, the National Weather Service said. Severe weather is perilous anytime, of course, but CNN meteorologist Chad Myers says that tornado conditions are more dangerous during the night. ""Tornadoes can be more deadly when people are sleeping and not paying attention to the warnings,"" he said. Scattered storms will soak Illinois and Missouri, and wind and hail will continue to be moderate in those states, the National Weather Service said. By Thursday afternoon, storms will hit parts of Indiana and Kentucky. Earlier this week, severe weather struck the South. Alabama, Arkansas, Oklahoma and Georgia reported large hail. Residents in Shawnee, Oklahoma, were awakened early Wednesday morning by a severe storm producing golf ball-sized hail. ""The hail came out of nowhere so it was kind of shocking,"" Sherri McDonald said to CNN in an iReport. The hail dinged her car.","- (CNN)Tornadoes, fierce winds and severe thunderstorms with large hail are predicted for the Midwest and for the Plains, from the Ozarks eastward to the lower Ohio Valley, on Thursday and Friday, the National Weather Service said.
- Severe weather is perilous anytime, of course, but CNN meteorologist Chad Myers says that tornado conditions are more dangerous during the night.
- ""Tornadoes can be more deadly when people are sleeping and not paying attention to the warnings,"" he said.
- Scattered storms will soak Illinois and Missouri, and wind and hail will continue to be moderate in those states, the National Weather Service said.
- By Thursday afternoon, storms will hit parts of Indiana and Kentucky.
- Earlier this week, severe weather struck the South.","- Severe weather is perilous anytime, of course, but CNN meteorologist Chad Myers says that tornado conditions are more dangerous during the night.
- Scattered storms will soak Illinois and Missouri, and wind and hail will continue to be moderate in those states, the National Weather Service said.
- By Thursday afternoon, storms are expected to hit parts of Indiana and Kentucky.
- Earlier this week, severe weather struck the South.
- Alabama, Arkansas, Oklahoma and Georgia reported large hail.
- Residents in Shawnee, Oklahoma, were awakened early Wednesday morning.
- The hail dinged her car.","<BULLET> Severe weather is perilous anytime, of course, but CNN meteorologist Chad Myers says that tornado conditions are more dangerous during the night.<BULLET> Scattered storms will soak Illinois and Missouri, and wind and hail will continue to be moderate in those states, the National Weather Service said.<BULLET> By Thursday afternoon, storms are expected to hit parts of Indiana and Kentucky.<BULLET> Earlier this week, severe weather struck the South.<BULLET> Alabama, Arkansas, Oklahoma and Georgia reported large hail.<BULLET> Residents in Shawnee, Oklahoma, were awakened early Wednesday morning.<BULLET> The hail dinged her car.",447,133,3.950905710000029,33.663167324739575
41,cnn_dailymail,"Baby dolls have long been peeing 'like a real baby' since the 1930's but Toys ""R"" Us is now selling a doll with a realistic looking genitals--and it's upsetting some shoppers who think it's 'unnecessary.' The toy is made by the company You & Me Change My Diaper Doll collection at Toys ""R"" US and it not only cries when it's wet, it pees from an anatomically correct penis. The Huffington Post reports that some parents are outraged and think that the toy should at least come with a 'warning' label. Scroll down for video . Angry: You & Me Mommy Change My Diaper Doll from Toys ""R"" Us has some parents frowning . Others think that the doll's anatomy could be a learning experience for children and doesn't need to be perceived as sexual. Monica Beyer, a writer at SheKnows.com, thinks the doll is an appropriate toy for children. 'How on earth is it inappropriate for a child to see a naked baby? What about a baby makes a penis or a vulva dirty or sexual?' Beyer writes. 'The truth is, when a child points out the body part that she doesn't have, all a parent is required to do is call it by its name, ' she continues. She goes on to talk about how 'body shame' starts early and needs to be 'stopped early.' The original doll (left) to wet itself like a real baby is Besty Wetsy invented in 1935 and the new anatomically correct modern version (right) Are anatomically correct Diaper Baby Dolls appropriate for children? Are anatomically correct Diaper Baby Dolls appropriate for children? Now share your opinion . 'The . bottom line is that, while you may not choose to give your child an . anatomically correct baby doll, parents should have the option. The doll . isn't harmful,' she writes. Peeing dolls have been around since the 1930s when Betsy Wetsy was invented by the Ideal Toy Company of New York. While she may not have what is considered 'a vagina' she had a whole from which liquids pour out. The . first anatomically correct male doll was actually created in 1976 and . is the Archie's Bunker's Grandson Joey Stivic doll which is still . available for purchase on EBay. The . Huffington Post spoke to Dr. Logan Levkoff who suggested that having a . doll with a penis might be helpful rather than harmful. What's harmful is banning the word penis because then children might not know how to tell their parents a body part hurts.","- Baby dolls have long been peeing 'like a real baby' since the 1930's but Toys ""R"" Us is now selling a doll with a realistic looking genitals--and it's upsetting some shoppers who think it's 'unnecessary.' The toy is made by the company You & Me Change My...
- The Huffington Post reports that some parents are outraged and think that the toy should at least come with a 'warning' label.
- Angry: You & Me Mommy Change My Diaper Doll from Toys ""R"" Us has some parents frowning.
- Others think that the doll's anatomy could be a learning experience for children and doesn't need to be perceived as sexual.
- Monica Beyer, a writer at SheKnows.com, thinks the doll is an appropriate toy for children.
- 'How on earth is it inappropriate for a child to see a naked baby?","- The Huffington Post reports that some parents are outraged and think that the toy should at least come with a 'warning' label.
- The doll.
- While she may not have what is considered 'a vagina' she had a whole from which liquids pour out.
- It is the Archie's Bunker's Grandson Joey Stivic doll which is still. available for purchase on EBay.
- What's harmful is banning the word penis because then children might not know how to tell their parents a body part hurts.",<BULLET> The Huffington Post reports that some parents are outraged and think that the toy should at least come with a 'warning' label.<BULLET> The doll.<BULLET> While she may not have what is considered 'a vagina' she had a whole from which liquids pour out.<BULLET> It is the Archie's Bunker's Grandson Joey Stivic doll which is still. available for purchase on EBay.<BULLET> What's harmful is banning the word penis because then children might not know how to tell their parents a body part hurts.,862,132,4.915515704999962,26.853743924718277
294,cnn_dailymail,"By . Kerry Mcdermott . PUBLISHED: . 05:27 EST, 9 April 2013 . | . UPDATED: . 09:42 EST, 9 April 2013 . An 'incredibly lucky' lorry driver escaped with his life after his 40ft HGV toppled off a flyover and plummeted 30ft onto a busy motorway at rush hour. The lorry came off the northbound M42 shortly before 6.30pm yesterday evening and crash-landed onto the northbound carriageway of the M6 Toll motorway, which runs beneath. The truck is believed to have jack-knifed across all three motorway lanes and veered off the bridge after colliding with a Ford Mondeo, Warwickshire Police said. 'Amazing escape': The driver survived after his articulated lorry left the flyover on the M42 and plunged onto the M6 Toll beneath . Incredibly the driver, a man aged in his . 50s, escaped with just a broken leg after crawling from the wreckage of . his cab. He was airlifted to Birmingham's Queen Elizabeth Hospital after being treated at the scene by paramedics. The driver of the silver Ford Mondeo, 49, who had also been travelling north on the M42, also escaped unharmed. Passing motorist Shelley Brumpton snapped the aftermath of the crash and posted the picture on Twitter. She tweeted: 'Worst crash I've ever seen...arctic [sic] fallen off the bridge onto M6 toll. Thoughts are with family praying all ate [sic] safe. 'Horrific accident though, incredibly lucky to have made it out alive!!' Sam Taylor, 36, who was driving on the M42 at the time of the crash, said: 'I didn't see them coming together but saw the lorry flying across the road in my wing mirror. 'When I saw it plunge over the edge down onto the motorway below I thought ""that's it, he's a goner"". 'I couldn't believe it when I got home and saw on the TV that no-one had been badly injured. 'It's a miracle that he didn't land on a car or cause a horrific crash on the M6 Toll, it could have killed ten or more people. 'If I was that lorry driver, I'd be putting the lottery on this weekend.' 'Incredibly lucky': The driver managed to crawl from the wreckage of his cab after the 40ft lorry toppled onto the carriageway yesterday evening . 'Miracle': No-one was badly injured when the lorry veered off the M42 flyover in Warwickshire and crash-landed on the M6 Toll 30ft below . Both the northbound M6 Toll and M42 were closed for several hours following the smash. Warwickshire Fire and Rescue Service said 1,200 litres (263 gallons) of diesel had leaked from the unladen curtain-sided lorry's fuel tank onto the carriageway near T1 of the M6 Toll. West Midlands Ambulance Service described the driver's escape as 'amazing' after an ambulance, a paramedic rapid response vehicle and the Midlands Air Ambulance rushed to the scene. A spokesman said: 'Ambulance crews responded to a road traffic collision following reports of a lorry coming off a flyover on the M42 and landing on the northbound M6 Toll road. 'Crews treated the lorry driver, a man in his 50s, for serious lower leg fractures, neck and back pain and facial lacerations. 'The driver crawled out of his badly damaged cab and was treated at the scene by paramedics before being airlifted to the Queen Elizabeth Hospital in Birmingham for further assessment. 'Miraculously there were no cars passing at the time - it would have been far worse if there had been. 'The M6 Toll northbound was closed as a result of the incident.' Treatment: The lorry driver was airlifted to Birmingham's Queen Elizabeth Hospital to be treated for lower leg fractures, neck and back pain and facial lacerations . Warwickshire Police are appealing for information from motorists who were travelling on the M42 Northbound near to junction 9 in North Warwickshire near to Coleshill, and who saw the Daf curtain sided artic, or the silver Ford Mondeo travelling northbound prior to the collision taking place. Anyone with any information is asked to leave a message for PC Liam Ryan in the Major Incident Unit, Roads on 01926 415415.","- An 'incredibly lucky' lorry driver escaped with his life after his 40ft HGV toppled off a flyover and plummeted 30ft onto a busy motorway at rush hour.
- The lorry came off the northbound M42 shortly before 6.30pm yesterday evening and crash-landed onto the northbound carriageway of the M6 Toll motorway, which runs beneath.
- The truck is believed to have jack-knifed across all three motorway lanes and veered off the bridge after colliding with a Ford Mondeo, Warwickshire Police said.
- 'Amazing escape': The driver survived after his articulated lorry left the flyover on the M42 and plunged onto the M6 Toll beneath.
- Incredibly the driver, a man aged in his.
- 50s, escaped with just a broken leg after crawling from the wreckage of. his cab.
- He was airlifted to Birmingham's Queen Elizabeth Hospital after being treated at the scene by paramedics.
- The driver of the silver Ford Mondeo, 49, who had also been travelling north on the M42, also escaped unharmed.","- The truck is believed to have jack-knifed across all three motorway lanes and veered off the bridge after colliding with a Ford Mondeo, Warwickshire Police said.
- The driver was airlifted to Birmingham's Queen Elizabeth Hospital after being treated at the scene by paramedics.
- Passing motorist Shelley Brumpton snapped the aftermath of the crash and posted the picture on Twitter.
- Warwickwickshire Fire and Rescue Service said 1,200 litres (263 gallons) of diesel had leaked from the unladen curtain-sided lorry's fuel tank onto the carriageway near T1 of the M6 Toll, it would have been far worse if there had been.","<BULLET> The truck is believed to have jack-knifed across all three motorway lanes and veered off the bridge after colliding with a Ford Mondeo, Warwickshire Police said.<BULLET> The driver was airlifted to Birmingham's Queen Elizabeth Hospital after being treated at the scene by paramedics.<BULLET> Passing motorist Shelley Brumpton snapped the aftermath of the crash and posted the picture on Twitter.<BULLET> Warwickwickshire Fire and Rescue Service said 1,200 litres (263 gallons) of diesel had leaked from the unladen curtain-sided lorry's fuel tank onto the carriageway near T1 of the M6 Toll, it would have been far worse if there had been.",1304,163,8.50171690600007,19.172597935478546
456,email,"We are going to try to get to the point of uploading our nomination into pegasys this month so we are changing the meters to correctly reflect what Sitara has vs what PGLC has.
The trade zone TTP is available now and I am going forward and moving November deals into the new trade zone.
I am making a list of all the deals I am changing if anyone needs it.
THESE ARE THE CORRECT METERS TO BE USED EFFECTIVE NOVEMBER 1, 2001  PGLC/TTP/TTP - All buys and sales that are not being nominated from a contract - ALL ""CHICAGO PEOPLES"" EOL DEALS ARE MAPPED TO THIS METER  PGLC/NGPL/NGPL - All buys that are to be nominated specifically from an NGPL Transport  Contract  PGLC/NBPL/NBPL01 - All buys that are to be nominated specifically from an NBPL Transport Contract  PGLC/ANR/ANR -All buys that are to be nominated specifically from an ANR Transport Contract","- We are going to try to get to the point of uploading our nomination into pegasys this month so we are changing the meters to correctly reflect what Sitara has vs what PGLC has.
- The trade zone TTP is available now and I am going forward and moving November deals into the new trade zone.
- I am making a list of all the deals I am changing if anyone needs it.
- THESE ARE THE CORRECT METERS TO BE USED EFFECTIVE NOVEMBER 1, 2001 PGLC/TTP/TTP - All buys and sales that are not being nominated from a contract - ALL ""CHICAGO PEOPLES"" EOL DEALS ARE MAPPED TO THIS METER PGLC/NGPL/NGPL - All buys that are to be nominated...","- The trade zone TTP is available now and I am moving November deals into the new trade zone.
- ALL buys and sales that are not being nominated from a contract.
- THESE ARE THE CORRECT METERS TO BE USED EFFECTIVE NOVEMBER 1, 2001 PGLC/TTP/TPT - ALL buy and sales which are not currently being nomineated from an ANR Transport Contract PGPC/NBPL01 - All buys that are to be nominates","<BULLET> The trade zone TTP is available now and I am moving November deals into the new trade zone.<BULLET> ALL buys and sales that are not being nominated from a contract.<BULLET> THESE ARE THE CORRECT METERS TO BE USED EFFECTIVE NOVEMBER 1, 2001 PGLC/TTP/TPT - ALL buy and sales which are not currently being nomineated from an ANR Transport Contract PGPC/NBPL01 - All buys that are to be nominates",455,115,3.589630657999919,32.036722146806056
87,email,"Hey Ken.
How are things going for you?
Is the market loving you?
We have been really busy.
We sold our house after 2 weeks on the market.
I  don't think I had it underpriced.
I looked at the average $/sq ft for sales  in our neighborhood for the last 6 months and I was pretty high above the  average.
Anyway, we got what we wanted and made a little money, so we were  happy.
Two days after we sold our house, Tonya found the one she wanted in  Oaks of Devonshire.
It's over at Louetta and I-45, just before The Thicket.
It's a little bigger than we were looking for (3100 sq ft), but it's got a  great game room/sunroom for the kids.
It was built in 86, so it needs a  little work.
But that's ok with me.
Anyway, we are closing on both houses  on Monday and moving Tuesday and Wednesday.
We will have you and Linda over  for lunch or dinner one of these days.
We also had tubes put into Jake's  ears this month.
We hated having to do that, but it has really made a  difference.
He had a constant ear infection since October.
Now you can tell  that he feels so much better.
He's learning more and more each day.
We have  nothing that is ""Jake proof"".
Even those plastic locks you put on cabinets  don't hold him.
He knows that if you keep yanking on the door over and over  that it will eventually slip or break and then your in.
I'm going to install  pad locks on the cabinets at the new house.
We'll see if that stops him.
Anyway, everybody's doing well.
I will be alot better after we finish this  house business.
I don't feel so good when I'm writing all those checks.
Talk to you later.
D","- We have been really busy.
- We sold our house after 2 weeks on the market.
- I don't think I had it underpriced.
- I looked at the average $/sq ft for sales in our neighborhood for the last 6 months and I was pretty high above the average.
- Two days after we sold our house, Tonya found the one she wanted in Oaks of Devonshire.","- Hey Ken.
- We sold our house after 2 weeks on the market.
- I don't think I had it underpriced.
- Two days after we sold our home, Tonya found the one she wanted in Oaks of Devonshire.
- It's over at Louetta and I-45, just before The Thicket.
- Now you can tell that he feels so much better.
- He's learning more and more each day.
- Even those plastic locks you put on cabinets don'T hold him.
- Doivent","<BULLET> Hey Ken.<BULLET> We sold our house after 2 weeks on the market.<BULLET> I don't think I had it underpriced.<BULLET> Two days after we sold our home, Tonya found the one she wanted in Oaks of Devonshire.<BULLET> It's over at Louetta and I-45, just before The Thicket.<BULLET> Now you can tell that he feels so much better.<BULLET> He's learning more and more each day.<BULLET> Even those plastic locks you put on cabinets don'T hold him.<BULLET> Doivent",623,116,4.911849952000011,23.616356593459663
422,email,"Here's what they suggested (yes I'm working, I can do two things at once)  There is a rule of halves - you can give half to your kids, you get medicaid  when the retained half runs out.
There is probably a time period you can do this.
Kay","- Here's what they suggested (yes I'm working, I can do two things at once) There is a rule of halves - you can give half to your kids, you get medicaid when the retained half runs out.
- There is probably a time period you can do this.","- Here's what they suggested (yes I'm working, I can do two things at once)
- There is a rule of halves - you can give half to your kids, you get medicaid when the retained half runs out.
- There's probably a time period you can do this.","<BULLET> Here's what they suggested (yes I'm working, I can do two things at once)<BULLET> There is a rule of halves - you can give half to your kids, you get medicaid when the retained half runs out.<BULLET> There's probably a time period you can do this.",268,67,2.132446566999988,31.419310118639128
42,email,"All, 	 We had a piece computer equipment that has gone missing.
The device is a network hub that looks like the attached picture.
It was hooked up to 3 computers over in the area of HR last night about 4:00 pm and was noticed to be missing about 6:00 am this morning.
If anybody know where it may have gone please let HR or myself know as soon as possible.
Regards","- All, We had a piece computer equipment that has gone missing.
- The device is a network hub that looks like the attached picture.
- It was hooked up to 3 computers over in the area of HR last night about 4:00 pm and was noticed to be missing about 6:00 am this morning.
- If anybody know where it may have gone please let HR or myself know as soon as possible.","- The device is a network hub that looks like the attached picture.
- It was hooked up to 3 computers over in the area of HR last night about 4:00 pm and was noticed to be missing about 6:00 am this morning.",<BULLET> The device is a network hub that looks like the attached picture.<BULLET> It was hooked up to 3 computers over in the area of HR last night about 4:00 pm and was noticed to be missing about 6:00 am this morning.,285,48,1.5283397970000578,31.406628352031444
376,email,"Frontera is not scheduled to run tomorrow.
However all units should be available,  but offline with the following exception:  He 10 -  some gas line work is being done and Frontera can only run in a 1/1 config,   meaninig a max of 220.
The steamer, #3 and CT #1 will be the only units available.
For this hour.
Late word:   If Ercot doesnt OOM us,   the entire plant will be unavailable and offline for he 1, as well.
In this scenario,  only hour ending 1 and 10 would be affected.
Any questions?
JMF","- Frontera is not scheduled to run tomorrow.
- However all units should be available, but offline with the following exception: He 10 - some gas line work is being done and Frontera can only run in a 1/1 config, meaninig a max of 220.
- The steamer, #3 and CT #1 will be the only units available.
- Late word: If Ercot doesnt OOM us, the entire plant will be unavailable and offline for he 1, as well.
- In this scenario, only hour ending 1 and 10 would be affected.","- Frontera is not scheduled to run tomorrow.
- He 10 - some gas line work is being done and Frontera can only run in a 1/1 config, meaninig a max of 220.
- The steamer, #3 and CT #1 will be the only units available.
- For this hour.
- Only hour ending 1 and 10 would be affected.","<BULLET> Frontera is not scheduled to run tomorrow.<BULLET> He 10 - some gas line work is being done and Frontera can only run in a 1/1 config, meaninig a max of 220.<BULLET> The steamer, #3 and CT #1 will be the only units available.<BULLET> For this hour.<BULLET> Only hour ending 1 and 10 would be affected.",328,79,2.407040312999925,32.820389244557894
90,email,"Just so everyone knows who is in the basic teams working on cash please see attached spreadsheet.
Please can all team leaders attend the Cash Meeting at 5pm to report on progress.
Thanks","- Just so everyone knows who is in the basic teams working on cash please see attached spreadsheet.
- Please can all team leaders attend the Cash Meeting at 5pm to report on progress.",- Please can all team leaders attend the Cash Meeting at 5pm to report on progress.,<BULLET> Please can all team leaders attend the Cash Meeting at 5pm to report on progress.,241,19,0.768116555000006,24.735829316945072
354,email,"Lisa: Here sre the latest versions of the KCS amendments.
I have taken the word  draft off.
Stacy: There are some blanks that need to be filled in.
Could you please call or  e-mail Lisa with the info?
Thanks.","- Lisa: Here sre the latest versions of the KCS amendments.
- I have taken the word draft off.
- Stacy: There are some blanks that need to be filled in.
- Could you please call or e-mail Lisa with the info?",- Here sre the latest versions of the KCS amendments.,<BULLET> Here sre the latest versions of the KCS amendments.,260,16,0.6737705599999799,23.74695623388543
180,email,"Please make the following changes for me please: No Vacation on Sept. 11 Change my late day from sept 12 to sept 19 schedule vacation on Sept. 18th.
Please call with any questions.
Thanks.
PL 3-7376","- Please make the following changes for me please: No Vacation on Sept.
- 11 Change my late day from sept 12 to sept 19 schedule vacation on Sept.
- 18th.
- Please call with any questions.
- PL 3-7376.","- No Vacation on Sept. 11 Change my late day from sept 12 to sept 19 schedule vacation on Sept! 18th.
- Please call with any questions.",<BULLET> No Vacation on Sept. 11 Change my late day from sept 12 to sept 19 schedule vacation on Sept! 18th.<BULLET> Please call with any questions.,251,33,1.1023163009999735,29.93696089776032
182,email,"Maria and Drew, this is a long-winded e-mail but please bear with me...
The problem:  As you probably remember, several months ago several of us met to discuss the  following language in the ROFR portion of Transwestern's tariff: ""if the rate  bid exceeds the maximum tariff rate, then the rate will be considered to be  the maximum tariff rate,"" and the additional frustrating language ""[a]ll  available capacity shall be allocated under these procedures .
.
..""  At our  last meeting, we concluded that probably the best way to ensure that TW could  capture the true value of the capacity would be to link the negotiated rate  to index prices.
However, since this usually involves an unacceptable amount  of risk to both the shipper and TW, the marketers haven't done any  index-based rates and have no current plans to enter into any such deals.
I  have been asked by the Commercial Group to revisit this issue and to think of  other ways we could increase our ability to charge more than the maximum  rate.
Ideally they would like to eliminate the language I've quoted above.
However, my research has indicated that absent our 1) bringing about radical  change in the way FERC thinks about recourse rates or 2) showing that TW  lacks market power, we are probably stuck with this language.
Why the problem exists (you may already know):  Steve Stojic and I did some looking into why the language is in our tariff in  the first place.
In the Alternative Rates Policy Statement (RM95-6-000), the  Commission explained that it is willing to entertain individual requests for  negotiated rates, but only where customers retain the ability to choose a  cost-of-service based tariff rates.
""[T]he availability of a recourse  service would prevent pipelines from exercising market power by assuring that  the customer can fall back to cost-based, traditional service if the pipeline  unilaterally demands excessive prices or withholds service.
Thus, the  recourse rate mitigates market power.""
The Commission went on to confirmed that under ROFR provisions the highest  rate that an existing shipper must match if it wishes to continue its  transportation arrangement is the maximum tariff rate.
This policy is clearly  not limited to ROFR situations:  when capacity is constrained, a shipper  willing to pay only the recourse rate cannot lose access to capacity merely  because someone else is willing to pay a negotiated rate.
""When there are  more requests for capacity than there is capacity available, then the  pipeline must allocate capacity among those shippers willing to pay either  the negotiated rate or the maximum recourse rate, for example on a pro rata  basis if required by its tariff.""
The example cited by the Commission:  If a  pipeline has 100 Dth/d available and two shippers request that capacity, one  who is willing to pay no more than the recourse rate of $5 and another a  negotiated rate of $6, then each would be allocated 50 Dth/d on a pro rata  basis (assuming the tariff provided for pro rata allocation and not some  other allocation method such as lottery).
When TW filed for authority to charge negotiated rates, it voluntarily added  the statement that ""if the rate bid exceeds the maximum tariff rate, then the  rate will be considered to be the maximum tariff rate.""
Presumably we had  concluded that we needed to add this recourse rate related provision in order  to receive negotiated rate authority.
Solutions??
I would like to know whether you concur that changing our tariff language  outright is probably out of the question.
I feel as if I've really been  chasing my tail here.
I have owed Lindy an answer for some time now.
But I  keep coming back to our having to prove lack of market power (which, Drew, is  where I believe you were headed when we talked about this in mid-October).
Steve Harris has asked whether we can just start small and remove the  recourse rate cap as to only a portion of our system.
I think we would still  have to show lack of market power in order to do this.
Do you agree?
Stojic  warns that proving lack of market power is a lengthy and expensive  proposition.
Might be worth it to us, though.
Another idea is to somehow provide shippers with an incentive to pay more  than max rate.
After all, we do have authority to charge negotiated rates.
We've seen one instance in which one of our marketers was able to get more  than max rates for IT space based on good customer relations alone.
However,  despite our wonderful relationships with most of our customers, it's unlikely  we can pull this off with any consistency.
We wondered whether we might be  able to get more than max rates in the context of an auction procedure.
But  I just am not convinced we could get around the Commission's requirement that  recourse rates be available.
That requirement has not changed.
Have either  of you seen anything to the contrary?
I would like to meet with you two, plus several others I have in mind, to  discuss this, preferably early this week (Tues. or Wed.), but would like to  discuss briefly with you first.
Please call me so we can talk for a few  minutes.
Thanks.","- Maria and Drew, this is a long-winded e-mail but please bear with me...
- The problem: As you probably remember, several months ago several of us met to discuss the following language in the ROFR portion of Transwestern's tariff: ""if the rate bid exceeds the maximum tariff rate, then the rate will be considered to be the maximum...
- However, since this usually involves an unacceptable amount of risk to both the shipper and TW, the marketers haven't done any index-based rates and have no current plans to enter into any such deals.
- I have been asked by the Commercial Group to revisit this issue and to think of other ways we could increase our ability to charge more than the maximum rate.
- Ideally they would like to eliminate the language I've quoted above.","- Steve Harris has asked whether we can just start small and remove the recourse rate cap as to only a portion of our system.
- Do you agree?
- Stojic warns that proving lack of market power is a lengthy and expensive proposition.
- Another idea is to somehow provide shippers with an incentive to pay more than max rate.
- After all, we do have authority to charge negotiated rates.
- The Commission went on to confirm that under ROFR provisions the highest rate that an existing shipper must match if it wishes to continue its transportation arrangement is the maximum tariff.","<BULLET> Steve Harris has asked whether we can just start small and remove the recourse rate cap as to only a portion of our system.<BULLET> Do you agree?<BULLET> Stojic warns that proving lack of market power is a lengthy and expensive proposition.<BULLET> Another idea is to somehow provide shippers with an incentive to pay more than max rate.<BULLET> After all, we do have authority to charge negotiated rates.<BULLET> The Commission went on to confirm that under ROFR provisions the highest rate that an existing shipper must match if it wishes to continue its transportation arrangement is the maximum tariff.",1307,124,6.950209566000012,17.84118864654099
356,xsum,"The Bulgarian, 36, wants to play professionally again and says the relegated club is his ""priority"".
Petrov played for Wychall Wanderers in the West Midlands Central League in 2014 having retired the previous year.
""I have decided to start trying to play football at a higher level again,"" said the former Celtic midfielder.
Petrov, who is training with Villa's Under-21s, was diagnosed with leukaemia after he developed a fever following a 3-0 defeat at Arsenal in March 2012.
He had four months of chemotherapy before it was announced in August of the same year that the disease was in remission.
""I am very excited,"" added former Bulgaria captain Petrov, who briefly joined the Villa coaching staff in March 2015.
""People will be asking a lot of questions and will have a lot of doubts.
""My fitness is getting close to when I retired, so let's see where we go. Aston Villa remains my priority.""
Petrov made 218 appearances for Villa, relegated to the second tier for the first time since 1987, after joining from Celtic for £6.5m in 2006.
He has set up a foundation to help leukaemia sufferers.","- The Bulgarian, 36, wants to play professionally again and says the relegated club is his ""priority"".
- Petrov played for Wychall Wanderers in the West Midlands Central League in 2014 having retired the previous year.
- ""I have decided to start trying to play football at a higher level again,"" said the former Celtic midfielder.
- Petrov, who is training with Villa's Under-21s, was diagnosed with leukaemia after he developed a fever following a 3-0 defeat at Arsenal in March 2012.
- He had four months of chemotherapy before it was announced in August of the same year that the disease was in remission.
- ""I am very excited,"" added former Bulgaria captain Petrov, who briefly joined the Villa coaching staff in March 2015.","- The Bulgarian, 36, wants to play professionally again and says the relegated club is his ""priority"".
- Petrov, who is training with Villa's Under-21s, was diagnosed with leukaemia after he developed a fever following a 3-0 defeat at Arsenal in March 2012.
- He had four months of chemotherapy before it was announced in August of the same year that the disease was in remission.
- Aston Villa remains my priority.""
- Petrové made 218 appearances for Villa, relegated to the second tier for the first time since 1987, saying the club is His ""1.
- "".
- The bulgaria, 36.","<BULLET> The Bulgarian, 36, wants to play professionally again and says the relegated club is his ""priority"".<BULLET> Petrov, who is training with Villa's Under-21s, was diagnosed with leukaemia after he developed a fever following a 3-0 defeat at Arsenal in March 2012.<BULLET> He had four months of chemotherapy before it was announced in August of the same year that the disease was in remission.<BULLET> Aston Villa remains my priority.""<BULLET> Petrové made 218 appearances for Villa, relegated to the second tier for the first time since 1987, saying the club is His ""1.<BULLET>"".<BULLET> The bulgaria, 36.<BULLET>",466,146,4.57677572099999,31.900186703511906
437,xsum,"The  
          Lancet Oncology
 review, which looked at incidence rates for 27 cancers in 184 countries, found four main infections are responsible.
These four - human papillomaviruses, Helicobacter pylori and hepatitis B and C viruses - account for 1.9m cases of cervical, gut and liver cancers.
Most cases are in the developing world.
The team from the International Agency for Research on Cancer in France, part of the World Health Organization, says more efforts are needed to tackle these avoidable cases and recognise cancer as a communicable disease.
'Preventable'
The proportion of cancers related to infection is about three times higher in parts of the developing world, such as east Asia, than in developed countries like the UK - 22.9% versus 7.4%, respectively.
BBC Health: In depth - cancer
Nearly a third of cases occur in people younger than 50 years.
Among women, cancer of the cervix accounted for about half of the infection-related cancers. In men, more than 80% were liver and gastric cancers.
Drs Catherine de Martel and Martyn Plummer, who led the research, said: ""Infections with certain viruses, bacteria, and parasites are some of the biggest and preventable causes of cancer worldwide
""Application of existing public-health methods for infection prevention, such as vaccination, safer injection practice, or antimicrobial treatments, could have a substantial effect on the future burden of cancer worldwide.""
Vaccines are available to protect against human papillomavirus (HPV) - which is linked to cancer of the cervix - and hepatitis B virus - an established cause of liver cancer.
And experts know that stomach cancer can be avoided by clearing the bacterial infection H. pylori from the gut using a course of antibiotics.
Commenting on the work, Dr Goodarz Danaei from Harvard School of Public Medicine in Boston, the US, said: ""Since effective and relatively low-cost vaccines for HPV and HBV are available, increasing coverage should be a priority for health systems in high-burden countries.""
Jessica Harris of Cancer Research UK said: ""It's important that authorities worldwide make every effort to reduce the number of infection-related cancers, especially when many of these infections can be prevented. In the UK, infections are thought to be responsible for 3% of cancers, or around 9,700 cases each year.
""Vaccination against HPV, which causes cervical cancer, should go a long way towards reducing rates of this disease in the UK. But it's important that uptake of the vaccination remains high. At a global level, if the vaccine were available in more countries, many thousands more cases could be prevented.""","- The Lancet Oncology review, which looked at incidence rates for 27 cancers in 184 countries, found four main infections are responsible.
- These four - human papillomaviruses, Helicobacter pylori and hepatitis B and C viruses - account for 1.9m cases of cervical, gut and liver cancers.
- Most cases are in the developing world.
- The team from the International Agency for Research on Cancer in France, part of the World Health Organization, says more efforts are needed to tackle these avoidable cases and recognise cancer as a communicable disease.
- 'Preventable' The proportion of cancers related to infection is about three times higher in parts of the developing world, such as east Asia, than in developed countries like the UK - 22.9% versus 7.4%, respectively.
- BBC Health: In depth - cancer Nearly a third of cases occur in people younger than 50 years.
- Among women, cancer of the cervix accounted for about half of the infection-related cancers.
- In men, more than 80% were liver and gastric cancers.","- The Lancet Oncology review looked at incidence rates for 27 cancers in 184 countries, found four main infections are responsible.
- These four - human papillomaviruses, Helicobacter pylori and hepatitis B and C viruses - account for 1.9m cases of cervical, gut and liver cancers.
- Most cases are in the developing world.
- The team from the International Agency for Research on Cancer in France, part of the World Health Organization, says more efforts are needed to tackle these avoidable cases.
- In the UK, ‘Preventable’","<BULLET> The Lancet Oncology review looked at incidence rates for 27 cancers in 184 countries, found four main infections are responsible.<BULLET> These four - human papillomaviruses, Helicobacter pylori and hepatitis B and C viruses - account for 1.9m cases of cervical, gut and liver cancers.<BULLET> Most cases are in the developing world.<BULLET> The team from the International Agency for Research on Cancer in France, part of the World Health Organization, says more efforts are needed to tackle these avoidable cases.<BULLET> In the UK, ‘Preventable’",819,132,5.123430592999966,25.76398715742315
446,xsum,"4 February 2016 Last updated at 17:45 GMT
The Meem cable is designed to make a copy of your phone contacts, photos and more every time you plug it in to charge.
The company's chief executive Kelly Sumner told the BBC's Chris Foxx some people didn't trust the cloud services smartphone manufacturers provide.","- 4 February 2016 Last updated at 17:45 GMT The Meem cable is designed to make a copy of your phone contacts, photos and more every time you plug it in to charge.
- The company's chief executive Kelly Sumner told the BBC's Chris Foxx some people didn't trust the cloud services smartphone manufacturers provide.","- The Meem cable is designed to make a copy of your phone contacts, photos and more every time you plug it in to charge.
- The company's chief executive Kelly Sumner told the BBC's Chris Foxx some people didn't trust the cloud services smartphone manufacturers provide.","<BULLET> The Meem cable is designed to make a copy of your phone contacts, photos and more every time you plug it in to charge.<BULLET> The company's chief executive Kelly Sumner told the BBC's Chris Foxx some people didn't trust the cloud services smartphone manufacturers provide.",274,62,2.4767294810000067,25.03301247698914
125,xsum,"Flyweight Muhammad Ali, who represented Team GB at the Rio Olympics, defeated Elie Konki, and Radoslav Pantaleev beat light-heavyweight Kevin Lele Sadjo.
Frazer Clarke then beat super-heavyweight Jonathan Nacto to secure a 3-2 victory.
The Lionhearts, beaten in last year's final by Cuba, lost their opener against Italia Thunder.","- Flyweight Muhammad Ali, who represented Team GB at the Rio Olympics, defeated Elie Konki, and Radoslav Pantaleev beat light-heavyweight Kevin Lele Sadjo.
- Frazer Clarke then beat super-heavyweight Jonathan Nacto to secure a 3-2 victory.
- The Lionhearts, beaten in last year's final by Cuba, lost their opener against Italia Thunder.","- Flyweight Muhammad Ali defeated Elie Konki, and Radoslav Pantaleev beat light-heavyweight Kevin Lele Sadjo.
- Frazer Clarke then beat super-heaviweight Jonathan Nacto to secure a 3-2 victory.
- The Lionhearts lost their opener against Italia Thunder.","<BULLET> Flyweight Muhammad Ali defeated Elie Konki, and Radoslav Pantaleev beat light-heavyweight Kevin Lele Sadjo.<BULLET> Frazer Clarke then beat super-heaviweight Jonathan Nacto to secure a 3-2 victory.<BULLET> The Lionhearts lost their opener against Italia Thunder.",294,70,2.4517082050000454,28.551521693014323
455,xsum,"The 33-year-old Australian had been playing at the top level of French rugby league after two seasons in Super League with Catalans Dragons.
He has also played in the NRL for Cronulla Sharks and Penrith Panthers.
""He's a whole-hearted player and puts his body on the line,"" head coach Tony Smith told the club website.
Pomeroy added: ""I have been playing in the French competition but I was always keen to play in Super League again.
""This opportunity at Warrington came up and I think is perfect for me. I'm excited, it feels like I'm making my debut again.""","- The 33-year-old Australian had been playing at the top level of French rugby league after two seasons in Super League with Catalans Dragons.
- He has also played in the NRL for Cronulla Sharks and Penrith Panthers.
- ""He's a whole-hearted player and puts his body on the line,"" head coach Tony Smith told the club website.
- Pomeroy added: ""I have been playing in the French competition but I was always keen to play in Super League again.
- ""This opportunity at Warrington came up and I think is perfect for me.","- The 33-year-old Australian had been playing at the top level of French rugby league after two seasons in Super League with Catalans Dragons.
- He has also played in the NRL for Cronulla Sharks and Penrith Panthers.",<BULLET> The 33-year-old Australian had been playing at the top level of French rugby league after two seasons in Super League with Catalans Dragons.<BULLET> He has also played in the NRL for Cronulla Sharks and Penrith Panthers.,342,55,2.0073719020000453,27.399008596862764
3,xsum,"The Ethiopian Airlines flight was travelling from Addis Ababa via Dublin to Washington Dulles International Airport .
Flight ET500 stopped at Dublin airport this morning to re-fuel.
It returned at around 08:35 BST after it reported technical difficulties and shutting down one engine.","- Ethiopian Airlines Flight ET500 was traveling from Addis Ababa to Washington Dulles with a scheduled stop in Dublin.  
- The aircraft landed at Dublin Airport this morning to refuel.  
- At about 08:35 BST, it returned after reporting technical difficulties and shutting down one engine.","- The Ethiopian Airlines flight was travelling from Addis Ababa via Dublin to Washington Dulles International Airport.
- Flight ET500 stopped at Dublin airport this morning to re-fuel.
- It returned at around 08:35 BST after it reported technical difficulties and shutting down one engine.",<BULLET> The Ethiopian Airlines flight was travelling from Addis Ababa via Dublin to Washington Dulles International Airport.<BULLET> Flight ET500 stopped at Dublin airport this morning to re-fuel.<BULLET> It returned at around 08:35 BST after it reported technical difficulties and shutting down one engine.,264,63,1.9732883770000171,31.926403020616107
464,xsum,"Supt Steve Furnham, of South Wales Police, was speaking after the Borussia Dortmund team bus was damaged in a series of explosions on Tuesday.
The German club was due to play at home to Monaco in the Champions League quarter-final first leg in Dortmund.
The match was moved to Wednesday.
Cardiff will host the final on 3 June at the Principality Stadium and police have already been given a Â£1.4m grant from the UK government to help with security.
Supt Furnham said: ""The events in Germany yesterday are being fully investigated by the German authorities and we cannot speculate on the matter.
""Detailed safety and security planning and preparation for the UEFA Champions League finals in Cardiff has been going ahead for many months.
""Measures will be taken to restrict vehicular access to a number of areas within Cardiff.
""We are working with our partners here in south Wales as well as with other security forces across the country to ensure a safe and secure environment for the finals in June.""
David Griffiths, president of the Football Association of Wales, was the UEFA match delegate on Tuesday and was jointly responsible for taking the decision to postpone the game.
He said: ""We met with the police commander and the two teams, and there was no way that Dortmund were going to play last night because all the players were in shock.
""When a team coach is attacked... you don't expect that, but unfortunately this is the world we are living in now and we don't know what's going to happen next.""
He praised the German authorities' response to the incident, saying police numbers had increased significantly, triple checks of the stadium in Dortmund were being carried out and there was a ban on bags over a certain size.
Commenting on the final in June, he said: ""You look back at the [Euro 2016 tournament] and there was a ring of steel around the stadium. Everything was explained to people last Friday what is going to happen with road closures.
""I think we can expect a severe lockdown in Cardiff in June.""
Lee Doddridge, a former member of the UK's National Counter Terrorism security office, said the attack's implications on Cardiff could be varied.
""We need to see the outcome of the current inquiry with the attack on the bus,"" he told BBC Wales.
""We need to look at the reasons why it was attacked, the explosives that were used and what may come out of the letter that was left at the scene.
""Cardiff is well-versed in dealing with major security operations at large sporting events.
""We may have to revisit the hotel security and the transport and the movement of the players to the final.
""To the fans attending, Cardiff is a secure city centre and the stadium is well used to large numbers at major events.""","- Supt Steve Furnham, of South Wales Police, was speaking after the Borussia Dortmund team bus was damaged in a series of explosions on Tuesday.
- The German club was due to play at home to Monaco in the Champions League quarter-final first leg in Dortmund.
- The match was moved to Wednesday.
- Cardiff will host the final on 3 June at the Principality Stadium and police have already been given a Â£1.4m grant from the UK government to help with security.
- Supt Furnham said: ""The events in Germany yesterday are being fully investigated by the German authorities and we cannot speculate on the matter.
- ""Detailed safety and security planning and preparation for the UEFA Champions League finals in Cardiff has been going ahead for many months.
- ""Measures will be taken to restrict vehicular access to a number of areas within Cardiff.
- He said: ""We met with the police commander and the two teams, and there was no way that Dortmund were going to play last night because all the players were in shock.","- The German club was due to play at home to Monaco in the Champions League quarter-final first leg in Dortmund.
- The match was moved to Wednesday.
- Cardiff will host the final on 3 June at the Principality Stadium and police have already been given a <unk>£1.4m grant from the UK government to help with security.",<BULLET> The German club was due to play at home to Monaco in the Champions League quarter-final first leg in Dortmund.<BULLET> The match was moved to Wednesday.<BULLET> Cardiff will host the final on 3 June at the Principality Stadium and police have already been given a <unk>£1.4m grant from the UK government to help with security.,810,70,2.8898299689999476,24.22287842222916
278,ag_news,"Hurricane Ivan Roars Toward Gulf Coast NEW ORLEANS - Stragglers streamed toward higher ground Wednesday on highways turned into one-way evacuation routes and pounding surf started eroding beaches as Hurricane Ivan roared toward the Gulf Coast with 135 mph wind.    Ivan could cause significant damage no matter where it strikes, as hurricane-force wind extended up to 105 miles out from the center...","- Hurricane Ivan Roars Toward Gulf Coast NEW ORLEANS.
- Hurricane Ivan Roars Toward Gulf Coast NEW ORLEANS - Stragglers streamed toward higher ground Wednesday on highways turned into one-way evacuation routes and pounding surf started eroding beaches as Hurricane Ivan roared toward the Gulf Coast with 135 mph...","- Hurricane Ivan Roars Toward Gulf Coast NEW ORLEANS - Stragglers streamed toward higher ground Wednesday on highways turned into one-way evacuation routes and pounding surf started eroding beaches as Hurricane Iwan roared towards the Gulf Coast with 135 mph wind.
- Ivan could cause significant damage no matter where it strikes, as hurricane-force wind extended up to 105 miles out from the center...","<BULLET> Hurricane Ivan Roars Toward Gulf Coast NEW ORLEANS - Stragglers streamed toward higher ground Wednesday on highways turned into one-way evacuation routes and pounding surf started eroding beaches as Hurricane Iwan roared towards the Gulf Coast with 135 mph wind.<BULLET> Ivan could cause significant damage no matter where it strikes, as hurricane-force wind extended up to 105 miles out from the center...",300,98,3.65184599600002,26.83574282906301
293,ag_news,"Manning Fares Well in Mop-Up Role The top overall draft choice #39;s real introduction to the league came not in training camp or preseason, or even when he handed the ball to Tiki Barber on Sunday and watched the tailback sprint","- Manning Fares Well in Mop-Up Role The top overall draft choice 's real introduction to the league came not in training camp or preseason, or even when he handed the ball to Tiki Barber on Sunday and watched the tailback sprint.","- Manning Fares Well in Mop-Up Role The top overall draft choice #39;s real introduction to the league came not in training camp or preseason, or even when he handed the ball to Tiki Barber on Sunday and watched the tailback sprint.","<BULLET> Manning Fares Well in Mop-Up Role The top overall draft choice #39;s real introduction to the league came not in training camp or preseason, or even when he handed the ball to Tiki Barber on Sunday and watched the tailback sprint.",262,60,1.8181136089999654,33.001238043095874
484,ag_news,"Cardinals swing into playoff mode ST. LOUIS - When the St. Louis Cardinals were playing .500 ball for the last two weeks of the regular season after already having clinched the National League Central championship, one question persisted.","- Cardinals swing into playoff mode ST. LOUIS.
- Cardinals swing into playoff mode ST.
- LOUIS - When the St.","- Cardinals swing into playoff mode ST. LOUIS - Zuhause the St. Louis Cardinals were playing.500 ball for the last two weeks of the regular season after already having clinched the National League Central championship, one question persisted.","<BULLET> Cardinals swing into playoff mode ST. LOUIS - Zuhause the St. Louis Cardinals were playing.500 ball for the last two weeks of the regular season after already having clinched the National League Central championship, one question persisted.",257,54,1.6320913490000066,33.086383328412445
267,cnn_dailymail,"When it was announced the G20 leaders' meeting would be coming to Australia, those living in Brisbane were assured the summit would be no interruption to their daily lives. However, video shot on Tuesday showing a US aircraft whipping up an almighty dust cloud which engulfs a highway suggests otherwise. The footage shows a two tilt-rotor Osprey aircraft practicing a landing near the busy Inner City Bypass in Brisbane when it hits an unexpected spot of trouble. Scroll down for video . During a drill on Tuesday ahead of G20 this weekend US aircraft caused dramas when it whipped up a huge dust cloud . At first the aircraft appeared to be simply completing normal practice . The plume of red dust stirred up as the The United States Marine Corps (USMC) aircraft got closer to the ground stopped motorists driving along the six-lane strip in their tracks as the massive cloud spread. At first the dust cloud covered only a small amount of space around the aircraft itself, but less than 30 seconds later it has completely engulfed the surrounding area. ABC Radio National presenter  Rhianna Patrick described the planes to the ABC as 'celebrities' of the aircraft world and revealed they are not often spotted Down Under. However as the Osprey started its descent it stirred up a huge red dust cloud . The dust spread across the road and onto the busy Inner City Bypass in Brisbane . At one stage it engulfed the motorway making it near impossible for drivers to see . 'We all know these aircraft purely through cinema, through news, they are like the celebrities of the aviation world,' the keen plane spotter said. 'Air Force One is probably the most recognised aircraft in the world, closely followed by Marine One, which is what the Sea King helicopter is called when it is carrying the president,' Ms Patrick continued. It's not the first air power that's been spotted flexing its muscles at Victoria Park Gold Club at Herston leading up to the G20. All of the world leaders have brought aircraft to Australia with them, however the American planes are arguably the most impressive.","- When it was announced the G20 leaders' meeting would be coming to Australia, those living in Brisbane were assured the summit would be no interruption to their daily lives.
- However, video shot on Tuesday showing a US aircraft whipping up an almighty dust cloud which engulfs a highway suggests otherwise.
- The footage shows a two tilt-rotor Osprey aircraft practicing a landing near the busy Inner City Bypass in Brisbane when it hits an unexpected spot of trouble.
- During a drill on Tuesday ahead of G20 this weekend US aircraft caused dramas when it whipped up a huge dust cloud.
- At first the aircraft appeared to be simply completing normal practice.
- The plume of red dust stirred up as the The United States Marine Corps (USMC) aircraft got closer to the ground stopped motorists driving along the six-lane strip in their tracks as the massive cloud spread.","- When it was announced the G20 leaders' meeting would be coming to Australia, those living in Brisbane were assured the summit would be no interruption to their daily lives.
- The footage shows a two tilt-rotor Osprey aircraft practicing a landing near the busy Inner City Bypass in Brisbane when it hits an unexpected spot of trouble.
- At first the dust cloud covered only a small amount of space around the aircraft itself, but less than 30 seconds later it has completely engulfed the surrounding area.","<BULLET> When it was announced the G20 leaders' meeting would be coming to Australia, those living in Brisbane were assured the summit would be no interruption to their daily lives.<BULLET> The footage shows a two tilt-rotor Osprey aircraft practicing a landing near the busy Inner City Bypass in Brisbane when it hits an unexpected spot of trouble.<BULLET> At first the dust cloud covered only a small amount of space around the aircraft itself, but less than 30 seconds later it has completely engulfed the surrounding area.",671,109,3.775609521999968,28.869510833912162
382,cnn_dailymail,"By . Tamara Cohen . PUBLISHED: . 18:49 EST, 6 August 2013 . | . UPDATED: . 01:32 EST, 7 August 2013 . Thirteen Cabinet ministers could face bitter rows over fracking in their constituencies, it emerged last night. Companies involved in shale gas drilling have exploration licences in areas represented by Chancellor George Osborne, a vocal supporter of the technology, and Liberal Democrat Energy Secretary Ed Davey. Education Secretary Michael Gove, Health Secretary Jeremy Hunt and Cabinet Office minister Francis Maude are among those whose constituencies are in a shale belt that stretches across southern England from Dorset to Kent. Controversy: Thirteen Cabinet ministers could face bitter rows over fracking in their constituencies, it emerged last night. Police are pictured escorting a lorry past protestors at a proposed Fracking site in Balcombe, West Sussex . While the firms cannot go ahead with fracking before seeking permission from the local council, it raises the prospect of more fierce protests from residents concerned that it carries environmental risks and will destroy the countryside. There have been angry clashes between campaigners and riot police at Balcombe in West Sussex, where exploratory drilling started last week. Other members of the Cabinet who have seats in the South, where limestone rocks are believed to contain a plentiful supply of gas trapped thousands of feet underground, are Justice Secretary Chris Grayling, Culture Secretary Maria Miller, Science Minister David Willetts, Chief Whip Sir George Young and Oliver Letwin, a Cabinet Office minister. Environment Secretary Owen Paterson has joined Mr Osborne in championing shale gas and both have constituencies within the Bowland-Hodder shale area in northern England. Hot spots: This map shows the constituencies of Cabinet ministers which could face rows over fracking . The constituencies of Foreign Secretary William Hague and Minister without Portfolio Ken Clarke also fall within its boundaries. According to the British Geological Survey, it could have reserves of up to 1,300 trillion cubic feet of shale gas – enough to power Britain for decades. Mr Osborne has said that it would be ‘a real tragedy’ if Britain did not capitalise on this source of energy. ‘It would mean we would have much higher energy costs than other countries, it would mean jobs would go to other countries and we would lose out,’ he said. Cuadrilla Resources, which is carrying out the drilling in Balcombe, began fracking in Lancashire three years ago. Other fracking firms, including Celtique Energie, Alamo, iGas and Magellan Energy, have licences for unconventional oil and gas in other areas of the North. Potential battle: Companies involved in shale gas drilling have exploration licences in areas represented by Chancellor George Osborne, left, and Education Secretary Michael Gove, right . Greenpeace, which is opposed to fracking, used maps of shale resources produced by the Department for Energy and Climate Change to compile a list of ministers who stand to be affected by the industry. Its energy campaigner, Lawrence Carter, said: ‘Senior Tories have thus far been the most vocal cheerleaders of fracking. It will be very interesting to see if the ministers who have talked up shale gas will be so happy when it’s in their backyard. ‘They are beginning to recognise that they could pay a price at the polling booth if they lend their support to it. Tricky: Foreign Secretary William Hague, left, and Health Secretary Jeremy Hunt, right, could also face battles in their constituencies . ‘Balcombe is just the beginning – people won’t take the disruption to their communities and countryside lying down.’ The Daily Mail revealed earlier this year that 35 Tory MPs have constituencies in areas that could be licensed for fracking. Greenpeace’s research shows several marginal seats in shale-rich areas, including four held by the Tories and two by the Lib Dems. Deep divisions have emerged within the Coalition over fracking, which involves pumping water and chemicals at high pressure into bore holes to crack open the shale rock and release trapped gas.","- Thirteen Cabinet ministers could face bitter rows over fracking in their constituencies, it emerged last night.
- Companies involved in shale gas drilling have exploration licences in areas represented by Chancellor George Osborne, a vocal supporter of the technology, and Liberal Democrat Energy Secretary Ed Davey.
- Education Secretary Michael Gove, Health Secretary Jeremy Hunt and Cabinet Office minister Francis Maude are among those whose constituencies are in a shale belt that stretches across southern England from Dorset to Kent.
- While the firms cannot go ahead with fracking before seeking permission from the local council, it raises the prospect of more fierce protests from residents concerned that it carries environmental risks and will destroy the countryside.
- There have been angry clashes between campaigners and riot police at Balcombe in West Sussex, where exploratory drilling started last week.
- Other members of the Cabinet who have seats in the South, where limestone rocks are believed to contain a plentiful supply of gas trapped thousands of feet underground, are Justice Secretary Chris Grayling, Culture Secretary Maria Miller, Science Minister...
- Environment Secretary Owen Paterson has joined Mr Osborne in championing shale gas and both have constituencies within the Bowland-Hodder shale area in northern England.
- According to the British Geological Survey, it could have reserves of up to 1,300 trillion cubic feet of shale gas – enough to power Britain for decades.","- The Daily Mail revealed earlier this year that 35 Tory MPs have constituencies in areas that could be licensed for fracking.
- Greenpeace’s research shows several marginal seats in shale-rich areas, including four held by the Tories and two by the Lib Dems.
- Deep divisions have emerged within the Coalition over flogging, which involves pumping water and chemicals at high pressure into bore holes to crack open the shae rock and release trapped gas.","<BULLET> The Daily Mail revealed earlier this year that 35 Tory MPs have constituencies in areas that could be licensed for fracking.<BULLET> Greenpeace’s research shows several marginal seats in shale-rich areas, including four held by the Tories and two by the Lib Dems.<BULLET> Deep divisions have emerged within the Coalition over flogging, which involves pumping water and chemicals at high pressure into bore holes to crack open the shae rock and release trapped gas.",1163,106,5.739654531000042,18.46801047475783
468,email,"=20 =20 WALL Robert L. Wall M.D., of Dublin, Oh., Thursday, October 11, 2001 at OSU=   Medical Center.
Survived by wife of 50 years, Julie; children, Bruce (Kat= hy)  Wall, Kyme (Ian) Rennick, Rob (Carol) Wall, Wendy (Peter) Hillan and P= oco;  grandchildren, Sarah A., Tyler and Travis Wall, Daniel and Julie Elle= n Rennick,  Ben and Brendan Hillan; sister, Margie (Marshall) Wood.
Devoted=  husband, father,  physician, teacher and friend.
Dr. Robert Wall was profe= ssor emeritus of The  Ohio State University College of Medicine in the divi= sion of hematology and  oncology.
As a member of the medical facility for 3= 4 years, he was regarded as a  superb teacher and an astute researcher.
He = was secretary of the College and an  assistant dean from 1971 to 1973.
He s= erved as president of the University  Hospitals' Medical Society for four y= ears, chairman of the Committee on Joint  Accreditation in 1972 and module = leader for hematology in the independent Study  Program.
He was a member of=  the University Faculty Council and University  Senate.
A fellow of the Ame= rican College of Physicians, his memberships included  the American Society=  of Hematology, International Society of Hematology,  American Association = for Advancement of Science and the Reticuloendothelial  Society.
He was pre= sident of the Medical Review Club in 1972 and is an honorary  member of Alp= ha Omega Alpha.
Dr. Wall was a member of the National Academy of  Sciences = - National Research Council committee on plasma proteins and blood  product= s, and a consultant for JAMA, Annals of Internal Medicine and Archives  for=  Internal Medicine.
He earned his medical degree from Temple University  Co= llege of Medicine, then served an internship at Bryn Mawr Hospital before h= is  two-year term in the U.S. Army as chief of blood research at Walter Ree= d Medical  Center.
Memorial service 7:30 p.m. Tuesday, October 16, 2001 at = Upper Arlington  Lutheran Church, 2300 Lytham Road.
Pastor Paul Ulring offi= ciating.
Family will  receive friends following the service at church.
In l= ieu of flowers, family  requests donations if desired to be made to UALC En= dowment Fund, 2300 Lytham  Rd., Upper Arlington, Oh.
43221, or Upper Arling= ton Rotary, West Broad Street  School Fund, P.O.
Box 12013, Columbus, Oh.
4= 3212.
Arrangements by RUTHERFORD  FUNERAL HOME at Powell, 450 W. Olentangy = Street, Powell, Oh.
=20 =20","- =20 =20 WALL Robert L. Wall M.D., of Dublin, Oh., Thursday, October 11, 2001 at OSU= Medical Center.
- Survived by wife of 50 years, Julie; children, Bruce (Kat= hy) Wall, Kyme (Ian) Rennick, Rob (Carol) Wall, Wendy (Peter) Hillan and P= oco; grandchildren, Sarah A., Tyler and Travis Wall, Daniel and Julie Elle= n Rennick, Ben and Brendan Hillan; sister...
- Devoted= husband, father, physician, teacher and friend.
- Robert Wall was profe= ssor emeritus of The Ohio State University College of Medicine in the divi= sion of hematology and oncology.
- As a member of the medical facility for 3= 4 years, he was regarded as a superb teacher and an astute researcher.","- =20 =20 WALL Robert L. Wall M.D., of Dublin, Oh.","<BULLET> =20 =20 WALL Robert L. Wall M.D., of Dublin, Oh.",863,22,1.7847530829999414,12.326635101266119
300,email,"Hey Mom, I know you remember Uncle Mike's quotation from PopPop's funeral...A girl I know has it on her instant messenger with a little change, and I like her version a lot, too.
Hers is: ""Work like you don't need the money, love like you've never been hurt, and dance like no one is watching.""
Just something more to think about (as if we don't have enough!).
Love,","- Hey Mom, I know you remember Uncle Mike's quotation from PopPop's funeral...A girl I know has it on her instant messenger with a little change, and I like her version a lot, too.
- Hers is: ""Work like you don't need the money, love like you've never been hurt, and dance like no one is watching."" Just something more to think about (as if we don't have enough!).","- Hey Mom, I know you remember Uncle Mike's quotation from PopPop's funeral...A girl I know has it on her instant messenger with a little change, and I like her version a lot, too.
- Hers is: ""Work like you don't need the money, love like you've never been hurt, and dance like no one is watching.""","<BULLET> Hey Mom, I know you remember Uncle Mike's quotation from PopPop's funeral...A girl I know has it on her instant messenger with a little change, and I like her version a lot, too.<BULLET> Hers is: ""Work like you don't need the money, love like you've never been hurt, and dance like no one is watching.""",304,81,2.515262390000089,32.203399662011854
299,email,"Could I ask the two of you to please insure that there is a refreshed view on the legal risks relative to both our and El Paso's litigation on East Coast Power.
If this has already been covered, then I apologize.
I just want to make sure Louise has the best data points for making a decision on my proposal of this morning.
Thanks,","- Could I ask the two of you to please insure that there is a refreshed view on the legal risks relative to both our and El Paso's litigation on East Coast Power.
- If this has already been covered, then I apologize.
- I just want to make sure Louise has the best data points for making a decision on my proposal of this morning.","- If this has already been covered, then I apologize.","<BULLET> If this has already been covered, then I apologize.",281,13,0.6380218709999781,20.375477065739094
405,email,"The information contained herein is based on sources that we believe to be reliable, but we do not represent that it is accurate or complete.
Nothing contained herein should be considered as an offer to sell or a solicitation of an offer to buy any financial instruments discussed herein.
Any opinions expressed herein are solely those of the author.
As such, they may differ in material respects from those of, or expressed or published by on behalf of Carr Futures or its officers, directors, employees or affiliates.
?
2001 Carr Futures   The charts are now in the most recent version of Adobe Acrobat 4.0 and they should print clearly from Adobe Acrobat Reader 3.0 or higher.
Adobe Acrobat Reader 4.0 may be downloaded for FREE from www.adobe.com.
(See attached file: opec.pdf)  - opec.pdf","- The information contained herein is based on sources that we believe to be reliable, but we do not represent that it is accurate or complete.
- Nothing contained herein should be considered as an offer to sell or a solicitation of an offer to buy any financial instruments discussed herein.
- Any opinions expressed herein are solely those of the author.
- As such, they may differ in material respects from those of, or expressed or published by on behalf of Carr Futures or its officers, directors, employees or affiliates.?
- 2001 Carr Futures The charts are now in the most recent version of Adobe Acrobat 4.0 and they should print clearly from Adobe Acrobat Reader 3.0 or higher.","- 2001 Carr Futures The charts are now in most recent version of Adobe Acrobat Reader 3.0 or higher.
- Adobe Akrobat Reader 4.0 may be downloaded for FREE from www.adobe.com.",<BULLET> 2001 Carr Futures The charts are now in most recent version of Adobe Acrobat Reader 3.0 or higher.<BULLET> Adobe Akrobat Reader 4.0 may be downloaded for FREE from www.adobe.com.,392,48,1.7145527250000896,27.995639504173013
36,email,"The Lands and Environment Subcommittee of the LL&R Committee will meet Friday, November 16, 9:30 a.m. at IPAMS.
The subcommittee will be discussing the issues raised at the first meeting and assigning the issues to action groups for implementation.
Please RSVP to ipams@ipams.org","- The Lands and Environment Subcommittee of the LL&R Committee will meet Friday, November 16, 9:30 a.m. at IPAMS.
- The subcommittee will be discussing the issues raised at the first meeting and assigning the issues to action groups for implementation.","- The Lands and Environment Subcommittee of the LL&R Committee will meet Friday, November 16, 9:30 a.m. at IPAMS.
- The subcommitted will be discussing the issues raised at the first meeting and assigning the issues to action groups for implementation.","<BULLET> The Lands and Environment Subcommittee of the LL&R Committee will meet Friday, November 16, 9:30 a.m. at IPAMS.<BULLET> The subcommitted will be discussing the issues raised at the first meeting and assigning the issues to action groups for implementation.",283,64,1.9831805009999925,32.27139434243572
419,email,"Anna:  Do want to prepare the Exhibits A and B or shall I?
I would like to have the  doc executed today.
Also, please forward to me a copy of the final form of  guaranty which you agreed to with Clement Abrams.
Thanks.","- Anna: Do want to prepare the Exhibits A and B or shall I?
- I would like to have the doc executed today.
- Also, please forward to me a copy of the final form of guaranty which you agreed to with Clement Abrams.",- Do want to prepare the Exhibits A and B or shall I?,<BULLET> Do want to prepare the Exhibits A and B or shall I?,266,18,0.7795259310000802,23.090957316720935
393,xsum,"The Grandmothers of the Plaza de Mayo group says DNA tests confirm the woman, now in her thirties, was the daughter of communist activists seized in 1977.
Her mother gave birth in prison and both her biological parents were never seen again.
The organisation says there are still more than 400 others to be found.
Human rights groups say the kidnapping of babies was part of a systematic government plan.
The plan was to place the children of people the government thought of as subversive with military families and allies to avoid raising another generation of what the military rulers considered left-wing radicals.
In this case, the woman is the child of Walter Dominguez and Gladys Castro, who lived in the northern city of Mendoza and both belonged to the Argentine Communist Marxist Leninist party.
They were arrested in their home by what the neighbours thought were police and taken away.
Gladys Castro was six months pregnant at the time. She gave birth in 1978.
The Grandmothers of the Plaza de Mayo was founded in 1977 with the goal of finding the children stolen and illegally adopted during the military government.","- The Grandmothers of the Plaza de Mayo group says DNA tests confirm the woman, now in her thirties, was the daughter of communist activists seized in 1977.
- Her mother gave birth in prison and both her biological parents were never seen again.
- The organisation says there are still more than 400 others to be found.
- Human rights groups say the kidnapping of babies was part of a systematic government plan.
- The plan was to place the children of people the government thought of as subversive with military families and allies to avoid raising another generation of what the military rulers considered left-wing radicals.
- In this case, the woman is the child of Walter Dominguez and Gladys Castro, who lived in the northern city of Mendoza and both belonged to the Argentine Communist Marxist Leninist party.","- The Grandmothers of the Plaza de Mayo group says DNA tests confirm the woman, now in her thirties, was the daughter of communist activists seized in 1977.
- Her mother gave birth in prison and both her biological parents were never seen again.
- The organisation says there are still more than 400 others to be found.
- Human rights groups say the kidnapping of babies was part of a systematic government plan.
- They were arrested in their home by what the neighbours thought were police and taken away.
- Gladys Castro was six months pregnant at the time.","<BULLET> The Grandmothers of the Plaza de Mayo group says DNA tests confirm the woman, now in her thirties, was the daughter of communist activists seized in 1977.<BULLET> Her mother gave birth in prison and both her biological parents were never seen again.<BULLET> The organisation says there are still more than 400 others to be found.<BULLET> Human rights groups say the kidnapping of babies was part of a systematic government plan.<BULLET> They were arrested in their home by what the neighbours thought were police and taken away.<BULLET> Gladys Castro was six months pregnant at the time.<BULLET>",450,126,4.790632630999994,26.301327967554638
388,xsum,"Scotland Yard said it was alerted to the ""vulnerable"" 16-year-old from east London by the Daily Mail.
Officers said they were working with her family and the local authority to ensure she was ""kept safe from harm"".
The home secretary said the case, which involved grooming via social media, showed the ""threat"" from IS.
According to the Mail, counter-terrorism officers attended the girl's family home on Wednesday.
The paper said she had intended to travel to the Syrian border, via Turkey and Switzerland, next week after her GCSE exams finished, in order to marry a jihadi fighting for IS.
It said a journalist posing as a 16-year-old girl had been involved in conversations online with the girl's older sister - described as a ""groomer"" for IS - who is already in Syria. She had been trying to persuade the reporter to accompany her sibling.
IS had used encrypted apps on smartphones to send detailed instructions, the paper reported.
Commander Richard Walton, from the Metropolitan Police's counter-terrorism command, said: ""We were made aware of a vulnerable young girl on Monday.
A BBC investigation has documented the Britons known to have died in Syria and Iraq, those convicted of offences relating to the conflict there and others believed to be living in territory controlled by Islamic State.
It includes the stories of:
""Upon receiving the information officers acted promptly and were able to identify the girl concerned, and preventative steps have now been taken to do all we can to safeguard her.""
He added: ""This case is a frightening example of how quickly social media can be used to groom vulnerable young people... This is a stark reminder to parents and the community of the speed with which these cases can develop.""
Home Secretary Theresa May said the incident showed the ""seriousness of the threat"" from IS.
She said: ""The police and security service are working hard every day to keep our country safe, but it is up to all of us to stand united against extremism, support the pluralistic values that underpin our society, and stop young and vulnerable people from being drawn into this kind of trouble.""
In February, three schoolgirls from east London travelled to Turkey before crossing the Syrian border to  join the terrorist group. A friend had earlier made the same journey.
And last week, Scotland Yard said more than 700 Britons were thought to have travelled to Syria, with about half having returned to the UK. It said a ""significant proportion"" of those who made the journey intended to join IS.","- Scotland Yard said it was alerted to the ""vulnerable"" 16-year-old from east London by the Daily Mail.
- Officers said they were working with her family and the local authority to ensure she was ""kept safe from harm"".
- The home secretary said the case, which involved grooming via social media, showed the ""threat"" from IS.
- According to the Mail, counter-terrorism officers attended the girl's family home on Wednesday.
- The paper said she had intended to travel to the Syrian border, via Turkey and Switzerland, next week after her GCSE exams finished, in order to marry a jihadi fighting for IS.
- It said a journalist posing as a 16-year-old girl had been involved in conversations online with the girl's older sister - described as a ""groomer"" for IS - who is already in Syria.
- IS had used encrypted apps on smartphones to send detailed instructions, the paper reported.
- Commander Richard Walton, from the Metropolitan Police's counter-terrorism command, said: ""We were made aware of a vulnerable young girl on Monday.","- Officers said they were working with her family and the local authority to ensure she was ""kept safe from harm"".
- The home secretary said the incident showed the ""threat"" from IS.
- IS had used encrypted apps on smartphones to send detailed instructions, the paper reported.
- In February, three schoolgirls from east London travelled to Turkey before crossing the Syrian border to join the terrorist group.
- A friend had earlier made the same journey.
- And last week, Scotland Yard said more than 700 Britons were thought to have travelled in the UK.","<BULLET> Officers said they were working with her family and the local authority to ensure she was ""kept safe from harm"".<BULLET> The home secretary said the incident showed the ""threat"" from IS.<BULLET> IS had used encrypted apps on smartphones to send detailed instructions, the paper reported.<BULLET> In February, three schoolgirls from east London travelled to Turkey before crossing the Syrian border to join the terrorist group.<BULLET> A friend had earlier made the same journey.<BULLET> And last week, Scotland Yard said more than 700 Britons were thought to have travelled in the UK.",757,119,4.396659857999907,27.06600097423377
217,xsum,"More than 20,000 people attended events held in Inverness over the weekend.
The Inverness Highland Games took place on Saturday and the Inverness Gala and a Bryan Adams concert on Sunday.
The weekend was one of the busiest of the year for the city.
It saw heavies' events such as tossing the caber and hammer throwing as well as shinty competitions and music from pipe bands.
Crowds will return this weekend for a concert by singer Olly Murs.","- More than 20,000 people attended events held in Inverness over the weekend.
- The Inverness Highland Games took place on Saturday and the Inverness Gala and a Bryan Adams concert on Sunday.
- The weekend was one of the busiest of the year for the city.","- More than 20,000 people attended events held in Inverness over the weekend.
- The Inverities Highland Games took place on Saturday and the Inverity Gala and a Bryan Adams concert on Sunday.
- The weekend was one of the busiest of the year for the city.
- Crowds will return this weekend for a concert by singer Olly Murs.","<BULLET> More than 20,000 people attended events held in Inverness over the weekend.<BULLET> The Inverities Highland Games took place on Saturday and the Inverity Gala and a Bryan Adams concert on Sunday.<BULLET>The weekend was one of the busiest of the year for the city.<BULLET> Crowds will return this weekend for a concert by singer Olly Murs.",319,80,2.3147426040000028,34.56107813532079
410,xsum,"John Whitbread, from Leicestershire, put the £1,800 trip to the Dominican Republic on eBay in the hope of finding a female companion.
But the two highest bidders failed to pay the winning sum.
He instead sold £10 raffle tickets and the lucky winner drawn out of a hat has agreed to jet off with him.
The ""Jilted John"" raffle raised £1,420 for Balls to Cancer.
Mr Whitbread confirmed to the BBC that the winner had agreed to accompany him to the Caribbean.
The 32-year-old, who grew up in Derbyshire, split from his fiancée six weeks before their wedding.
He was determined not to go on the honeymoon alone and so auctioned off his partner's place - to women only - on eBay.
After the top two bidders failed to pay, he decided to hold a raffle instead.","- John Whitbread, from Leicestershire, put the £1,800 trip to the Dominican Republic on eBay in the hope of finding a female companion.
- But the two highest bidders failed to pay the winning sum.
- He instead sold £10 raffle tickets and the lucky winner drawn out of a hat has agreed to jet off with him.
- The ""Jilted John"" raffle raised £1,420 for Balls to Cancer.
- Mr Whitbread confirmed to the BBC that the winner had agreed to accompany him to the Caribbean.","- The two highest bidders failed to pay the winning sum.
- He instead sold £10 raffle tickets and the lucky winner drawn out of a hat has agreed to jet off with him.
- The ""Jilted John"" raffle raised £1,420 for Balls to Cancer.
- Mr Whitbread confirmed to the BBC that the winner had agreed to accompany him to the Caribbean.
- After the top two bidder failed to paying, he decided to hold a raffle instead.","<BULLET> The two highest bidders failed to pay the winning sum.<BULLET> He instead sold £10 raffle tickets and the lucky winner drawn out of a hat has agreed to jet off with him.<BULLET> The ""Jilted John"" raffle raised £1,420 for Balls to Cancer.<BULLET> Mr Whitbread confirmed to the BBC that the winner had agreed to accompany him to the Caribbean.<BULLET> After the top two bidder failed to paying, he decided to hold a raffle instead.",392,101,3.2829401980000057,30.76510503040233
189,xsum,"The suggestion is one of 43 proposals made by the panel set up as part of last year's Fresh Start Agreement.
Its role was to devise strategies to help the disbandment of paramilitaries.
First Minister Arlene Foster said an action plan based on the panel's proposals will be drawn up this month.
""[The report] deals with all of the paramilitary organisations and criminal gangs,"" Mrs Foster said.
""If we implement what has been presented to us, then there will be no hiding place for those people and they will be dealt with through the appropriate means.""
The report is entitled The Fresh Start panel report on the disbandment of paramilitary groups in Northern Ireland.
It suggests creating a unit to specialise in paramilitaries and communities in transition and allowing the Director of Public Prosecutions to appeal ""unduly lenient"" terrorism sentences.
The panel was made up of the former Alliance Party leader Lord Alderdice, Monica McWilliams, a former MLA and chief commissioner of the Northern Ireland Human Rights Commission, and solicitor John McBurney.
They also proposed that the Northern Ireland Executive should help former paramilitary prisoners in relation to employment and access to financial services, adoption and travel advice.
It said the executive should contact authorities in the United States to speed up the processing of visa applications by former prisoners.
The report's authors said the label of paramilitary groups were often used as a ""badge of convenience"" for activities that tend to be purely criminal and not linked to political objectives.
Mr McBurney said those groups cannot have ""control and coercive power within communities"", and added police should shift their focus from paramilitary activity to criminality.
""We hope that legislation will be put in place to treat organised crime groups as that, and not to attach to them this badge, which seems to elevate their status beyond what they actually are,"" he added.
Traditional Unionist Voice leader Jim Allister said the report was ""largely toothless"".
""Though it gives but passing mention to the victims of paramilitaries, it has plenty to say about how life could be made easier for the victim-makers,"" he said.
Ulster Unionist leader Mike Nesbitt said he agreed with some of proposals, adding that it was ""time to talk not of paramilitaries but criminals"".
But he also said: ""Our concern is that there is a danger the paramilitaries could back the proposals being offered to them, but not deliver what is demanded in return.""
Colum Eastwood, the leader of the Social Democratic and Labour Party, said there needed to be a ""fresh gear change in the war on organised crime"".","- The suggestion is one of 43 proposals made by the panel set up as part of last year's Fresh Start Agreement.
- Its role was to devise strategies to help the disbandment of paramilitaries.
- First Minister Arlene Foster said an action plan based on the panel's proposals will be drawn up this month.
- ""[The report] deals with all of the paramilitary organisations and criminal gangs,"" Mrs Foster said.
- ""If we implement what has been presented to us, then there will be no hiding place for those people and they will be dealt with through the appropriate means."" The report is entitled The Fresh Start panel report on the disbandment of paramilitary groups in...
- It suggests creating a unit to specialise in paramilitaries and communities in transition and allowing the Director of Public Prosecutions to appeal ""unduly lenient"" terrorism sentences.
- The panel was made up of the former Alliance Party leader Lord Alderdice, Monica McWilliams, a former MLA and chief commissioner of the Northern Ireland Human Rights Commission, and solicitor John McBurney.
- It said the executive should contact authorities in the United States to speed up the processing of visa applications by former prisoners.","- First Minister Arlene Foster said an action plan based on the panel's proposals will be drawn up this month.
- ""[The report] deals with all of the paramilitary organisations and criminal gangs,"" Mrs Foster said.
- It suggests creating a unit to specialise in paramilitons and communities in transition and allowing the Director of Public Prosecutions to appeal ""unduly lenient"" terrorism sentences.
- The panel was made up of the former Alliance Party leader Lord Alderdice, Monica McWilliams said there is a danger the para­­­entirely”.","<BULLET> First Minister Arlene Foster said an action plan based on the panel's proposals will be drawn up this month.<BULLET> ""[The report] deals with all of the paramilitary organisations and criminal gangs,"" Mrs Foster said.<BULLET> It suggests creating a unit to specialise in paramilitons and communities in transition and allowing the Director of Public Prosecutions to appeal ""unduly lenient"" terrorism sentences.<BULLET> The panel was made up of the former Alliance Party leader Lord Alderdice, Monica McWilliams said there is a danger the para­­­entirely”.",788,134,5.38574466700004,24.880496251717126
62,ag_news,"Howard Stern moving to satellite NEW YORK In a deal estimated to be worth \$100 million a year for five years, Howard Stern, one of the most popular personalities in American radio, said Wednesday he had signed a contract with Sirius Satellite Radio and would leave his longtime job at","- Howard Stern moving to satellite NEW YORK In a deal estimated to be worth \$100 million a year for five years, Howard Stern, one of the most popular personalities in American radio, said Wednesday he had signed a contract with Sirius Satellite Radio and...","- Howard Stern moving to satellite NEW YORK In a deal estimated to be worth <unk>$100 million a year for five years, Howard Stern said Wednesday he had signed a contract with Sirius Satellite Radio and would leave his longtime job at Sirius satellite Radio.","<BULLET> Howard Stern moving to satellite NEW YORK In a deal estimated to be worth <unk>$100 million a year for five years, Howard Stern said Wednesday he had signed a contract with Sirius Satellite Radio and would leave his longtime job at Sirius satellite Radio.",270,61,1.8191772820000551,33.53164125540028
432,ag_news,"Bowden Bowl not fun for the Bowdens When Clemson finally beat Florida State in an Atlantic Coast Conference game last season, Tommy Bowden #39;s celebration was noticeably subdued.","- Bowden Bowl not fun for the Bowdens When Clemson finally beat Florida State in an Atlantic Coast Conference game last season, Tommy Bowden 's celebration was noticeably subdued.","- Clemson finally beat Florida State in an Atlantic Coast Conference game last season, Tommy Bowden #39;s celebration was noticeably subdued.","<BULLET> Clemson finally beat Florida State in an Atlantic Coast Conference game last season, Tommy Bowden #39;s celebration was noticeably subdued.",249,35,1.1485270309999578,30.473814769102535
0,ag_news,"Powell: N. Korea Blast Not Nuclear Event The United States does not believe that a large explosion in North Korea was related to the communist country #39;s suspected nuclear weapons program, President Bush #39;s foreign policy advisers said Sunday.","- Powell says the large North Korean explosion was not a nuclear event.  
- U.S. officials do not believe the blast was linked to North Korea’s suspected nuclear weapons program.  
- The statement was made by President Bush’s foreign policy advisers on Sunday.","- The United States does not believe that a large explosion in North Korea was related to the communist country #39;s suspected nuclear weapons program, President Bush #39);s foreign policy advisers said Sunday.","<BULLET> The United States does not believe that a large explosion in North Korea was related to the communist country #39;s suspected nuclear weapons program, President Bush #39);s foreign policy advisers said Sunday.",258,45,1.3919628219999822,32.328449645906254
77,cnn_dailymail,"Depressed and tired of trying diet after diet, Andy Sorrells began a faith-based weight loss program. Andy Sorrells lost 280 pounds and went from wearing a size 64 to wearing a size 36. He says he started without a specific goal weight and reduced his portion sizes to lose 280 pounds.  Name: Andy Sorrells Age: 29 Hometown: Franklin, Tennessee Occupation: Loan Processor Height: 6 feet 3 inches Heaviest weight: 500 pounds Current weight: 220 pounds Pounds lost: 280 pounds  Defining moment My wife, Maggie, had started the Weigh Down Workshop program. We were newlyweds and continued to gain weight. We had tried other diets but this one worked for us.  How did you finally lose the weight? Diet: Weigh Down Workshop, a spiritually based weight loss regimen. I just started without a real goal of losing a specific amount of weight and reduced my portion sizes. I spent so much of my life thinking about it and planning for it. Finally, I stopped focusing on food, stopped counting calories and eating low-fat foods. You just have to eat what your body craves and reduce portion sizes. Exercise: I didn't really exercise. I walked occasionally but I never followed a specific fitness regimen.  How long did it take you to lose weight? Just about 17 months from January 2003 to May 2004. My wife had tried the Weigh Down Workshop and had success with it. I was trying diet foods and fat-free foods. But I knew there had to be a way someone could eat normal food and still lose weight. How has this changed your life? When I was born I was close to 11 pounds and all of my life I've dealt with weight issues. People always teased me about being overweight. Once I started this program, I realized that I had to stop being angry at the world and I needed to look internally. Once I started this program, it changed my outlook on my entire life. I realized that being happy is a choice. I can either be filled with hate and despair or I can be happy and help others.","- Depressed and tired of trying diet after diet, Andy Sorrells began a faith-based weight loss program.
- Andy Sorrells lost 280 pounds and went from wearing a size 64 to wearing a size 36.
- He says he started without a specific goal weight and reduced his portion sizes to lose 280 pounds.
- Name: Andy Sorrells Age: 29 Hometown: Franklin, Tennessee Occupation: Loan Processor Height: 6 feet 3 inches Heaviest weight: 500 pounds Current weight: 220 pounds Pounds lost: 280 pounds Defining moment My wife, Maggie, had started the Weigh Down Workshop...
- We were newlyweds and continued to gain weight.
- We had tried other diets but this one worked for us.","- Andy Sorrells lost 280 pounds and went from wearing a size 64 to wearing  a height 36.
- He says he started without a specific goal weight and reduced his portion sizes to lose 280lbs.
- When I was born I was close to 11 pounds and all of my life I've dealt with weight issues.
- People always teased me about being overweight.
- I can either be filled with hate and despair or I can be happy and help others.",<BULLET> Andy Sorrells lost 280 pounds and went from wearing a size 64 to wearing  a height 36.<BULLET> He says he started without a specific goal weight and reduced his portion sizes to lose 280lbs.<BULLET> When I was born I was close to 11 pounds and all of my life I've dealt with weight issues.<BULLET> People always teased me about being overweight.<BULLET> I can either be filled with hate and despair or I can be happy and help others.,664,102,4.100192846000027,24.876878681330034
143,cnn_dailymail,"Stoke City manager Mark Hughes accused Joel Ward of making 'the best save of the match' after being denied a clear penalty during in Saturday's 2-1 home defeat against Crystal Palace. Hughes was left feeling aggrieved after two big decisions failed to go his side's way having taken a 14th minute lead through Mame Biram Diouf. Asmir Begovic was controversially penalised for a challenge on Yanick Bolasie to allow Palace to level from the spot after 41 minutes. And then after Wilfried Zaha had put the visitors ahead, Diouf's goalbound shot in the second half was blocked two-handed by Ward with the Palace getting way with it. Stoke City boss Mark Hughes has accused Joel Ward (right) of making 'the best save of the match' Marko Arnautovic shares words with Crystal Palace's  Ward during the Barclays Premier League clash . 'That decision left us scratching our heads,' said Hughes. 'Referee Andre Marriner missed a lot of things. I know Julian Speroni did well in the Palace goal but arguably that was the best save of the match. He has got two hands on it for heaven's sake. How he doesn't give it, I've no idea.' It rubbed salt into the wound for Hughes who had earlier seen Palace awarded their penalty. 'When you see the replay, the lad Bolasie has got his foot up high above Amsir. That has why Asmir has missed the ball and the referee has deemed it a penalty. It was a key moment, that is one you want them (the officials) to get.' Even so, Hughes didn't have any excuses for Palace's winning goal from Wilfried Zaha on the stroke of half-time from Glenn Murray's flick-on. Asmir Begovic was adjudged to have fouled Yannick Bolasie during a colision inside the penalty area . Begovic was shown a yellow card by  Andre Marriner after he was adjudged to have brought down Bolasie . 'It was a mistake from us. It was just a long ball, if you don't clear the first ball, you have to deal with the second ball. We didn't and that is what cost us. We are better than that.' Stoke slipped to ninth while Palace are now 11 points above the bottom three and Alan Pardew is above his former club Newcastle United in the table. 'It was a cracking game particularly if you were a neutral or a Palace fan,' said Pardew. 'I think Stoke were unhappy about our penalty. I haven't seen it back but it was a turning point.' Zaha was all smiles after his winner after being told to stop his 'little sulks' by Pardew earlier last week. 'He had a tough game, Erik Pieters was a player we tried to sign, he is an aggressive defender. Wilf struggled but he has his moments and we showed a lot of character to have a go. 'It was a tough day for the officials. All of it was fair, but it was a tough physical encounter. It was almost like a Six Nations game at times, in a tough way.' Crystal Palace winger Wilfried Zaha (far right) celebrates with Glenn Murray after scoring against Stoke City .","- Stoke City manager Mark Hughes accused Joel Ward of making 'the best save of the match' after being denied a clear penalty during in Saturday's 2-1 home defeat against Crystal Palace.
- Hughes was left feeling aggrieved after two big decisions failed to go his side's way having taken a 14th minute lead through Mame Biram Diouf.
- Asmir Begovic was controversially penalised for a challenge on Yanick Bolasie to allow Palace to level from the spot after 41 minutes.
- And then after Wilfried Zaha had put the visitors ahead, Diouf's goalbound shot in the second half was blocked two-handed by Ward with the Palace getting way with it.
- 'That decision left us scratching our heads,' said Hughes.
- 'Referee Andre Marriner missed a lot of things.
- I know Julian Speroni did well in the Palace goal but arguably that was the best save of the match.
- He has got two hands on it for heaven's sake.","- Stoke City lost 2-1 to Crystal Palace on Saturday afternoon.
- Asmir Begovic was controversially penalised for a challenge on Yanick Bolasie to allow Palace to level from the spot after 41 minutes.
- Diouf's goalbound shot in the second half was blocked two-handed by Ward with the club getting way with it.
- Stoke slipped to ninth while Palace are now 11 points above the bottom three and Alan Pardew is above his former club Newcastle United in the table.",<BULLET> Stoke City lost 2-1 to Crystal Palace on Saturday afternoon.<BULLET> Asmir Begovic was controversially penalised for a challenge on Yanick Bolasie to allow Palace to level from the spot after 41 minutes.<BULLET> Diouf's goalbound shot in the second half was blocked two-handed by Ward with the club getting way with it.<BULLET> Stoke slipped to ninth while Palace are now 11 points above the bottom three and Alan Pardew is above his former club Newcastle United in the table.,974,107,5.109915270999977,20.939681839198244
200,email,"The New York City Marathon Expo and Gift Shop opens on Wednesday, October 31!
Come the first day and enjoy shorter lines, less crowding, the best selection of official merchandise, AND some special offers, starting with: $20 OFF ANY PURCHASE OVER $100 if you bring this e-mail.
* (What can you buy?
Official marathon merchandise, from hats to socks and everything in between.)
We're also pleased to offer a special membership deal: If you become a member of New York Road Runners at the expo on Wednesday, the 31st, you will receive two free race coupons (a value of over $20) to be used at selected 2002 events.
Finally, anyone who stops by the NYRR membership booth (#263) on Wednesday will receive a free runner's pace band, while quantities last.
The evening before the expo opens, NYRR and Best Cellars Wine Shop will be hosting the second New York City Marathon Wine Tasting.
That's Tuesday, October 30, from 6:00 to 8:00 p.m. at Best Cellars, located at 1291 Lexington Avenue, between 86th and 87th Street.
In addition to wine, you'll be treated to samples of a delicious and healthy snack, the perfect compliment to 2001 New York City Marathon Cabernet Sauvignon and Chardonnay, as prepared by Louis Lanza of Josie's and Josie's East.
Hope to see you there as we toast this 26.2 mile celebration!
*Please note the merchandise discount details: This discount is GOOD ON WEDNESDAY, October 31, 2001, at the New York City Marathon Expo ONLY.
This discount DOES NOT APPLY WITH ANY OTHER DISCOUNT, including membership discounts.
This discount WILL ONLY BE GRANTED IF YOU BRING A PRINTED COPY OF THIS E-MAIL WITH YOU.
The New York City Marathon Expo is taking place at the Javits Center.
It's open to the public (including non-marathoners)--just be sure to you bring","- The New York City Marathon Expo and Gift Shop opens on Wednesday, October 31!
- Come the first day and enjoy shorter lines, less crowding, the best selection of official merchandise, AND some special offers, starting with: $20 OFF ANY PURCHASE OVER $100 if you bring this e-mail. * (What can you buy?
- Official marathon merchandise, from hats to socks and everything in between.) We're also pleased to offer a special membership deal: If you become a member of New York Road Runners at the expo on Wednesday, the 31st, you will receive two free race coupons...
- Finally, anyone who stops by the NYRR membership booth (#263) on Wednesday will receive a free runner's pace band, while quantities last.
- That's Tuesday, October 30, from 6:00 to 8:00 p.m. at Best Cellars, located at 1291 Lexington Avenue, between 86th and 87th Street.","- $20 OFF ANY PURCHASE OVER $100 if you bring this e-mail.
- * (What can you buy? Official marathon merchandise, from hats to socks and everything in between.
- ) Anyone who stops by the NYRR membership booth (#263) on Wednesday will receive a free runner's pace band, while quantities last.
- The evening before the expo opens, NYRR and Best Cellars Wine Shop will be hosting the second New York City Marathon Wine Tasting.
- That's Tuesday, October 30, from 6:00 to 8:00 p.m.","<BULLET> $20 OFF ANY PURCHASE OVER $100 if you bring this e-mail.<BULLET> * (What can you buy? Official marathon merchandise, from hats to socks and everything in between.<BULLET>) Anyone who stops by the NYRR membership booth (#263) on Wednesday will receive a free runner's pace band, while quantities last.<BULLET> The evening before the expo opens, NYRR and Best Cellars Wine Shop will be hosting the second New York City Marathon Wine Tasting.<BULLET> That's Tuesday, October 30, from 6:00 to 8:00 p.m.",645,129,4.259185775999981,30.287479059237114
489,email,"take a look at the saturday weather forecast for new orleans.
my family is having a big outdoor party and my mother is considering canceling it b/c we could have rain.
i know you are busy but you are the weather master.
so if you have time, let me know what you think.
thanks,","- Take a look at the saturday weather forecast for new orleans. my family is having a big outdoor party and my mother is considering canceling it b/c we could have rain. i know you are busy but you are the weather master. so if you have time, let me know...",- my family is having a big outdoor party and my mother is considering canceling it b/c we could have rain.,<BULLET> my family is having a big outdoor party and my mother is considering canceling it b/c we could have rain.,278,28,0.9927699759999769,28.203914982216034
26,email,"It looks like your Deal Blotter settings may be defaulting to PST time zone.
But these April deals need to flow during the PDT time zone.
Could you check  your settings and make sure the time zone defaults to PPT (that way the  strips will choose PST or PDT accordingly)?
Two additional deals were changed to the correct time zone: 534074 534072 534071 534053  Thanks,","- It looks like your Deal Blotter settings may be defaulting to PST time zone.
- But these April deals need to flow during the PDT time zone.
- Could you check your settings and make sure the time zone defaults to PPT (that way the strips will choose PST or PDT accordingly)?
- Two additional deals were changed to the correct time zone: 534074 534072 534071 534053 Thanks,.","- It looks like your Deal Blotter settings may be defaulting to PST time zone.
- These April deals need to flow during the PDT time zone?
- 534074 534072 534071 534053 Thanks,","<BULLET> It looks like your Deal Blotter settings may be defaulting to PST time zone.<BULLET> These April deals need to flow during the PDT time zone?<BULLET> 534074 534072 534071 534053 Thanks,",294,50,1.5576625759999843,32.09937811332543
32,email,"Dear Colleagues,  We know you have many questions about your new benefits plan, payroll issues and other changes that will occur over the next few weeks.
Human Resources and Communications are preparing a thorough Q&A, which we will send to you tomorrow and will regularly update as more information is available.
Meanwhile, please read the announcement below from Security about how you can obtain a new UBS Warburg access card that will allow you to enter our new office space after Friday.
I am confident that you share my enthusiasm about our new opportunity.
We look forward to working along side each of you in the coming days.
David Oxley Head, Human Resources","- Dear Colleagues, We know you have many questions about your new benefits plan, payroll issues and other changes that will occur over the next few weeks.
- Human Resources and Communications are preparing a thorough Q&A, which we will send to you tomorrow and will regularly update as more information is available.
- Meanwhile, please read the announcement below from Security about how you can obtain a new UBS Warburg access card that will allow you to enter our new office space after Friday.
- I am confident that you share my enthusiasm about our new opportunity.
- We look forward to working along side each of you in the coming days.","- Human Resources and Communications are preparing a thorough Q&A, which we will send to you tomorrow and will regularly update as more information is available.
- I am confident that you share my enthusiasm about our new opportunity.
- We look forward to working along side each of you in the coming days.","<BULLET> Human Resources and Communications are preparing a thorough Q&A, which we will send to you tomorrow and will regularly update as more information is available.<BULLET> I am confident that you share my enthusiasm about our new opportunity.<BULLET> We look forward to working along side each of you in the coming days.",338,63,2.6127790970000433,24.112256590056052
40,email,"Dear all,  Attached is the final copy of the speaking points for the CEO Diversity Roundtable.
Thank you for your immediate and quick response.
ay","- Dear all, Attached is the final copy of the speaking points for the CEO Diversity Roundtable.
- Thank you for your immediate and quick response. ay.",- Attached is the final copy of the CEO Diversity Roundtable.,<BULLET> Attached is the final copy of the CEO Diversity Roundtable.,238,16,0.8787285739999788,18.208125322666913
240,email,"Kate left us a bid form for NYSEG capacity.
For CNG, I would prefer to have  the Cornwell space.
I think the South Webster goes with Tenn Z4.
Dick, other than CES, do you know what our CNG citygate positions are  starting April?","- Kate left us a bid form for NYSEG capacity.
- For CNG, I would prefer to have the Cornwell space.
- I think the South Webster goes with Tenn Z4.
- Dick, other than CES, do you know what our CNG citygate positions are starting April?","- Kate left us a bid form for NYSEG capacity.
- For CNG, I would prefer to have the Cornwell space.
- I think the South Webster goes with Tenn Z4.","<BULLET> Kate left us a bid form for NYSEG capacity.<BULLET> For CNG, I would prefer to have the Cornwell space.<BULLET> I think the South Webster goes with Tenn Z4.",265,43,1.3790831200000184,31.180136553335107
116,xsum,"A Scottish Labour backbencher was heard using ""unparliamentary language"" during the weekly question session.
Tricia Marwick said she would review the official report and would ""take action"" if the member responsible did not admit it and withdraw the remark.
Nicola Sturgeon said the ""insults"" showed how ""desperate"" Labour were.
The remark was made as Labour leader Kezia Dugdale questioned Ms Sturgeon about council cuts she said were imposed by the government's tax policy.
During a heated exchange, punctuated by Ms Marwick telling members to ""stop heckling the first minister"", the word ""liar"" was called out from the back benches, prompting an angry response from SNP members.
Calling for a ""grown up debate"", Ms Sturgeon said: ""We know how desperate Labour are by the volume of the insults they have to sling across the chamber.""
Following the exchange, Ms Marwick said she ""didn't quite hear"" the comment in question, but warned members against use of ""clearly unparliamentary"" language.
She said: ""I will review the official report afterwards. If the member who used that word wished to admit it and withdraw it now that would be helpful, but if not I will take action this afternoon.""","- A Scottish Labour backbencher was heard using ""unparliamentary language"" during the weekly question session.
- Tricia Marwick said she would review the official report and would ""take action"" if the member responsible did not admit it and withdraw the remark.
- Nicola Sturgeon said the ""insults"" showed how ""desperate"" Labour were.
- The remark was made as Labour leader Kezia Dugdale questioned Ms Sturgeon about council cuts she said were imposed by the government's tax policy.
- During a heated exchange, punctuated by Ms Marwick telling members to ""stop heckling the first minister"", the word ""liar"" was called out from the back benches, prompting an angry response from SNP members.
- Calling for a ""grown up debate"", Ms Sturgeon said: ""We know how desperate Labour are by the volume of the insults they have to sling across the chamber."" Following the exchange, Ms Marwick said she ""didn't quite hear"" the comment in question, but warned...","- Tricia Marwick said she would review the official report and would ""take action"" if the member responsible did not admit it and withdraw the remark.
- Nicola Sturgeon said the ""insults"" showed how ""desperate"" Labour were.
- Kezia Dugdale questioned Ms Sturgeon about council cuts she said were imposed by the government's tax policy.","<BULLET> Tricia Marwick said she would review the official report and would ""take action"" if the member responsible did not admit it and withdraw the remark.<BULLET> Nicola Sturgeon said the ""insults"" showed how ""desperate"" Labour were.<BULLET> Kezia Dugdale questioned Ms Sturgeon about council cuts she said were imposed by the government's tax policy.",491,87,2.8761120899999923,30.249168765880828
68,xsum,"Protests erupted on Saturday after Sylville Smith, 23, was shot dead in a police chase.
Mayor Tom Barrett said Smith, an African-American, did not drop a gun he was holding when told to do so.
Police violence against the black community in US cities in the past two years has prompted huge protests.
The Milwaukee Police Department tweeted that shots had been fired at several locations before and after midnight on Sunday local time.
Rocks were also thrown at police as they attempted to disperse crowds in the Burleigh area. Officers were making ""multiple arrests"" in the Sherman and Burleigh districts, police said.
One civilian had earlier been taken to hospital after he suffered a gunshot wound.
Local news footage also showed a car on fire.
On Saturday night, cars and buildings, including a petrol station, had been set ablaze.
White and black Americans split on race
Race relations: Six surprising statistics
Police in Milwaukee, in the state of Wisconsin, said Smith had fled from a car after being stopped by officers in traffic on Saturday afternoon; he died from his injuries at the scene.
Smith had a ""lengthy arrest record"", police said on Sunday. The Milwaukee Journal-Sentinel newspaper reported he had been charged over a shooting and witness intimidation, charges that were eventually dropped.
Milwaukee police chief Edward Flynn did not say what prompted officers to stop Smith's car, saying only that he was ""behaving suspiciously"".
Footage of the shooting was captured by a body camera worn by the officer who fired the shots, who was African-American.
On Sunday, Wisconsin Governor Scott Walker made the National Guard available to Milwaukee police should more violence occur later in the day.
Khalif Rainey, who represents the area where the violence hit on Milwaukee's city council, said people were ""tired of living under this oppression"" in a city that is 40% black.
""Now this is a warning cry,"" he added. ""Where do we go from here? Where do we go as a community from here?""
In 2014, police shot dead an unarmed black man, Dontre Hamilton, in Milwaukee, leading to protests in the city. Prosecutors chose not to charge the officer responsible.
In December, the US Justice Department said it would carry a full review of Milwaukee's police department, at its request, to look into areas for improvement.
Mayor Barrett called for restraint, and understanding towards Smith's family. ""A young man lost his life yesterday afternoon,"" he said. ""And no matter what the circumstances are, his family has to be hurting.""","- Protests erupted on Saturday after Sylville Smith, 23, was shot dead in a police chase.
- Mayor Tom Barrett said Smith, an African-American, did not drop a gun he was holding when told to do so.
- Police violence against the black community in US cities in the past two years has prompted huge protests.
- The Milwaukee Police Department tweeted that shots had been fired at several locations before and after midnight on Sunday local time.
- Rocks were also thrown at police as they attempted to disperse crowds in the Burleigh area.
- Officers were making ""multiple arrests"" in the Sherman and Burleigh districts, police said.
- One civilian had earlier been taken to hospital after he suffered a gunshot wound.
- White and black Americans split on race Race relations: Six surprising statistics Police in Milwaukee, in the state of Wisconsin, said Smith had fled from a car after being stopped by officers in traffic on Saturday afternoon; he died from his injuries at...","- Protests erupted on Saturday after Sylville Smith, 23, was shot dead in a police chase.
- Mayor Tom Barrett said Smith, an African-American, did not drop a gun he was holding when told to do so.
- Police violence against the black community in US cities in the past two years has prompted huge protests.
- The Milwaukee Police Department tweeted that shots had been fired at several locations before and after midnight on Sunday local time.
- Rocks were also thrown at police as they attempted to disperse crowds in the Burleigh area.
- Prosecutors chose not to charge the officer responsible.
- ""Now this is a warning cry,"" mayor Tom Barrett says Smith, he died from his injuries at the scene.","<BULLET> Protests erupted on Saturday after Sylville Smith, 23, was shot dead in a police chase.<BULLET> Mayor Tom Barrett said Smith, an African-American, did not drop a gun he was holding when told to do so.<BULLET> Police violence against the black community in US cities in the past two years has prompted huge protests.<BULLET> The Milwaukee Police Department tweeted that shots had been fired at several locations before and after midnight on Sunday local time.<BULLET> Rocks were also thrown at police as they attempted to disperse crowds in the Burleigh area.<BULLET> Prosecutors chose not to charge the officer responsible.<BULLET> ""Now this is a warning cry,"" mayor Tom Barrett says Smith, he died from his injuries at the scene.",772,164,5.692389333000051,28.810397603912193
171,xsum,"The Dutchman requires surgery, which is expected to keep him out for up to eight weeks.
The 32-year-old made 38 appearances for the Owls last season to help them reach the Championship play-off final, where they suffered a 1-0 defeat by Hull.
He has played a total of 93 games for the club since joining in December 2013 following his release by Real Zaragoza.","- The Dutchman requires surgery, which is expected to keep him out for up to eight weeks.
- The 32-year-old made 38 appearances for the Owls last season to help them reach the Championship play-off final, where they suffered a 1-0 defeat by Hull.
- He has played a total of 93 games for the club since joining in December 2013 following his release by Real Zaragoza.","- The Dutchman requires surgery, which is expected to keep him out for up to eight weeks.
- The 32-year-old made 38 appearances for the Owls last season to help them reach the Championship play-off final, where they suffered a 1-0 defeat by Hull.
- He has played a total of 93 games for the club since joining in December 2013 following his release by Real Zaragoza.","<BULLET> The Dutchman requires surgery, which is expected to keep him out for up to eight weeks.<BULLET> The 32-year-old made 38 appearances for the Owls last season to help them reach the Championship play-off final, where they suffered a 1-0 defeat by Hull.<BULLET> He has played a total of 93 games for the club since joining in December 2013 following his release by Real Zaragoza.",290,89,3.4364395650000006,25.898898646861547
493,xsum,"The 31-year-old pedestrian was knocked down by a blue car on Marfleet Lane, at about 16:45 BST on Wednesday.
She remains in a critical condition at Hull Royal Infirmary.
A 28-year-old man was arrested on Thursday and a second man, also 28, has now been arrested on suspicion of failing to stop.
The first man was arrested on suspicion of leaving the scene of an accident and other motoring offences. He has been released on police bail until October, while the second 28-year-old is being held in custody and is due to be interviewed.","- The 31-year-old pedestrian was knocked down by a blue car on Marfleet Lane, at about 16:45 BST on Wednesday.
- She remains in a critical condition at Hull Royal Infirmary.
- A 28-year-old man was arrested on Thursday and a second man, also 28, has now been arrested on suspicion of failing to stop.
- The first man was arrested on suspicion of leaving the scene of an accident and other motoring offences.
- He has been released on police bail until October, while the second 28-year-old is being held in custody and is due to be interviewed.","- The 31-year-old pedestrian was knocked down by a blue car on Marfleet Lane, at about 16:45 BST on Wednesday.
- She remains in a critical condition at Hull Royal Infirmary.
- A 28-year.
- and a second man, also 28, has now been arrested on suspicion of failing to stop.
- The first man was arrested on suspected of leaving the scene of an accident and other motoring offences.
- He has been released on police bail until October, while the second 28-","<BULLET> The 31-year-old pedestrian was knocked down by a blue car on Marfleet Lane, at about 16:45 BST on Wednesday.<BULLET> She remains in a critical condition at Hull Royal Infirmary.<BULLET> A 28-year.<BULLET> and a second man, also 28, has now been arrested on suspicion of failing to stop.<BULLET> The first man was arrested on suspected of leaving the scene of an accident and other motoring offences.<BULLET> He has been released on police bail until October, while the second 28-",336,118,3.4337668350000285,34.36459307523104
107,xsum,"Hamilton dropped to seventh on lap one following a slow start and a clash with Valtteri Bottas' Williams at Turn One.
His Mercedes bodywork damaged, Hamilton recovered well but was unable to catch Ferrari's Kimi Raikkonen in second.
Rosberg's fifth win in a row, going back to Mexico last year, gives him a 17-point title lead over Hamilton.
The world champion may be concerned about his second poor start in as many races this season and Raikkonen's pace was further evidence Ferrari are strong enough to at least put pressure on Mercedes this year.
But the race effectively fell into Rosberg's lap by the second corner as problems afflicted all three of his main rivals.
In addition to Hamilton's collision, the lead Ferrari of Sebastian Vettel did not even get that far.
Vettel's engine failed in spectacular fashion on the formation lap before the race had even started, so it will never be known how much of a stiffer challenge he might have mounted to the Mercedes.
That was one Ferrari out of the running and Raikkonen's chances took a major hit shortly afterwards as he dropped to fifth after a poor start of his own.
Raikkonen fought past Red Bull's Daniel Ricciardo and the two Williams cars of Felipe Massa and Bottas to be second by lap seven - but by that stage he was already 12 seconds adrift of Rosberg, a gap that proved too big to bridge.
By the time the leaders' three pit stops were finished, Raikkonen was only 4.6secs behind Rosberg but the Mercedes driver was comfortably able to hold him off and finished 10 seconds clear.
Hamilton drove impressively to move back through the field with bodywork damage that will have cost him aerodynamic downforce, but ended up 19 seconds adrift of Raikkonen.
The champion's two poor starts in the first two races have effectively handed title rival Rosberg two victories, but it's coming back from adversity where Hamilton excels, and how he won his second championship in 2014 so beguilingly.
""[The reason for the bad starts were] two separate incidents,"" said Hamilton. ""Both equally painful - perhaps this one more - but we managed to recover, again damage limitation.
""The team was hoping that potentially there would be a safety car. I had so much damage to the car, I couldn't fight with Kimi.""
Red Bull's Daniel Ricciardo took a solid fourth from fifth on the grid, and there was another impressive showing from the new US-based, Ferrari-affiliated Haas team - Romain Grosjean taking a fighting fifth after an aggressive strategy focused on running three sets of super-soft tyres and then a final set of softs.
Toro Rosso's Max Verstappen, last year's stellar rookie, was a strong sixth ahead of the second Red Bull of Daniil Kvyat, who recovered from a poor qualifying performance that left him 15th on the grid to pass Massa for seventh on the penultimate lap.
It was a disappointing end to a difficult race for Williams, with Bottas hit with a what some may consider a harsh drive-through penalty for the Hamilton collision, taking ninth.
Stoffel Vandoorne was a solid 10th on his grand prix debut for McLaren, substituting for Fernando Alonso who was ruled out of this race by official FIA doctors because of a cracked rib sustained in his huge accident at the Australian Grand Prix two weeks ago.
Vandoorne, who out-qualified team-mate Jenson Button, dropped behind the Englishman on the first lap but Button retired on the seventh lap, prompting a shake of the head in the pits at another reliability problem for the team from Alonso, who stayed on in Bahrain to help Vandoorne through the weekend.
Bahrain GP race results
Bahrain GP coverage details","- Hamilton dropped to seventh on lap one following a slow start and a clash with Valtteri Bottas' Williams at Turn One.
- His Mercedes bodywork damaged, Hamilton recovered well but was unable to catch Ferrari's Kimi Raikkonen in second.
- Rosberg's fifth win in a row, going back to Mexico last year, gives him a 17-point title lead over Hamilton.
- The world champion may be concerned about his second poor start in as many races this season and Raikkonen's pace was further evidence Ferrari are strong enough to at least put pressure on Mercedes this year.
- But the race effectively fell into Rosberg's lap by the second corner as problems afflicted all three of his main rivals.
- In addition to Hamilton's collision, the lead Ferrari of Sebastian Vettel did not even get that far.
- Vettel's engine failed in spectacular fashion on the formation lap before the race had even started, so it will never be known how much of a stiffer challenge he might have mounted to the Mercedes.
- Raikkonen fought past Red Bull's Daniel Ricciardo and the two Williams cars of Felipe Massa and Bottas to be second by lap seven - but by that stage he was already 12 seconds adrift of Rosberg, a gap that proved too big to bridge.","- Rosberg's fifth win in a row gives him a 17-point title lead over Hamilton.
- Rosburg's pace was further evidence Ferrari are strong enough to at least put pressure on Mercedes this year.
- But the race effectively fell into Rosberg’s lap by the second corner as problems afflicted all three of his main rivals.
- Vettel's engine failed in spectacular fashion on the formation lap before the race had even started.
- Raikkonen was only 4.6secs behind Rosberg but the second Red Bull's Max Verstappen was ruled out of this race by official FIA doctors because of a cracked rib sustained in his huge accident at the Australian Grand Prix two weeks ago.
- The team was hoping that potentially there would be a safety car.
- Hamilton drove impressively to move back through the field with bodywork damage that will have cost him aerodynamic downforce, but ended up 19 seconds adrift of Rosberg.
- Romain Grosjean was a solid sixth on his grand prix debut for McLaren, but was comfortably 4.6 seconds.","<BULLET> Rosberg's fifth win in a row gives him a 17-point title lead over Hamilton.<BULLET> Rosburg's pace was further evidence Ferrari are strong enough to at least put pressure on Mercedes this year.<BULLET> But the race effectively fell into Rosberg’s lap by the second corner as problems afflicted all three of his main rivals.<BULLET> Vettel's engine failed in spectacular fashion on the formation lap before the race had even started.<BULLET> Raikkonen was only 4.6secs behind Rosberg but the second Red Bull's Max Verstappen was ruled out of this race by official FIA doctors because of a cracked rib sustained in his huge accident at the Australian Grand Prix two weeks ago.<BULLET> The team was hoping that potentially there would be a safety car.<BULLET> Hamilton drove impressively to move back through the field with bodywork damage that will have cost him aerodynamic downforce, but ended up 19 seconds adrift of Rosberg.<BULLET> Romain Grosjean was a solid sixth on his grand prix debut for McLaren, but was comfortably 4.6 seconds.",1088,240,9.666218051999977,24.828738469265453
428,ag_news,Blair backs India's quest for permanent seat on UN Security Council (AFP) AFP - British Prime Minister Tony Blair has backed India's quest for a permanent seat on the UN Security Council as well as having it join talks with G-8 countries on climate change and African development.,"- Blair backs India's quest for permanent seat on UN Security Council (AFP) AFP.
- Blair backs India's quest for permanent seat on UN Security Council (AFP) AFP - British Prime Minister Tony Blair has backed India's quest for a permanent seat on the UN Security Council as well as having it join talks with G-8 countries on climate change...",- Blair backs India's quest for permanent seat on UN Security Council (AFP).,<BULLET> Blair backs India's quest for permanent seat on UN Security Council (AFP).,266,19,0.8237110529998972,23.066340958766244
212,ag_news,"Pantano replaced by Glock Jordan have terminated the contract of Italian driver Giorgio Pantano and called in Timo Glock as a replacement. The team said contractual difficulties were behind the split, and confirmed German Glock would race in Sunday #39;s inaugural Chinese Grand Prix.","- Pantano replaced by Glock Jordan have terminated the contract of Italian driver Giorgio Pantano and called in Timo Glock as a replacement.
- The team said contractual difficulties were behind the split, and confirmed German Glock would race in Sunday 's inaugural Chinese Grand Prix.","- Pantano replaced by Glock Jordan have terminated the contract of Italian driver Giorgio Pantaniano and called in Timo Glock as a replacement.
- The team said contractual difficulties were behind the split, and confirmed German Glock would race in Sunday #39;s inaugural Chinese Grand Prix.","<BULLET> Pantano replaced by Glock Jordan have terminated the contract of Italian driver Giorgio Pantaniano and called in Timo Glock as a replacement.<BULLET> The team said contractual difficulties were behind the split, and confirmed German Glock would race in Sunday #39;s inaugural Chinese Grand Prix.",267,65,1.8897888689999718,34.395376682685374
425,cnn_dailymail,"The Pittsburgh Penguins and Philadelphia Flyers paid tribute to Canada before their game last night as the entire arena stood to sing the country's national anthem, O Canada. The special performance of the Canadian national anthem was to show solidarity with the people of Ottawa following the tragic events that unfolded in Canada's capital city earlier in the day. Since the game in Pittsburgh did not involve a Canadian team, there was no requirement for the Penguins to do this, but it was still a touching and heartfelt gesture on their part. Scroll down for video... Showing support: The national anthem of Canada is sung before an NHL hockey game between the Pittsburgh Penguins and the Philadelphia Flyers in Pittsburgh . Penguins performer Jeff Jimerson sang the anthem while the lyrics were displayed to allow the crowd to sing along. 'Ladies and gentlemen, tonight our thoughts and prayers are with our friends in Ottawa and across Canada. Please join us in the singing of 'O Canada,' the announcement said. ‘O Canada’ is typically only sung if a Canadian team is playing, but fans inside the Consol Energy Center joined together as two maple leaves were projected onto the ice. Nathan Cirillo, while guarding Ottawa's War Memorial, was killed by a shooter who, along with at least one believed counterpart, went on to fire shots in the Canadian Parliamentary building. Canada's Maple leaves were projected onto the ice as the national anthem played and words were displayed on the screen for spectators to sing along . The incidents left the Canadian capital on lockdown, canceled a scheduled Sens-Leafs game and deeply affected the country overall. The Penguins and Flyers' rosters are filled with Canadians, including Pittsburgh captain Sidney Crosby and goalie Marc-Andre Fleury. During the game, the Penguins tweeted from their official Twitter account, saying, 'Some things are bigger than hockey. Tonight Pens fans sang along with with Canadian anthem.' Pittsburgh Penguins goalie Marc-Andre Fleury stands in front of his goal during the playing of the Canadian national anthem before the Penguins' NHL hockey game against the Philadelphia Flyers in Pittsburgh .","- The Pittsburgh Penguins and Philadelphia Flyers paid tribute to Canada before their game last night as the entire arena stood to sing the country's national anthem, O Canada.
- The special performance of the Canadian national anthem was to show solidarity with the people of Ottawa following the tragic events that unfolded in Canada's capital city earlier in the day.
- Since the game in Pittsburgh did not involve a Canadian team, there was no requirement for the Penguins to do this, but it was still a touching and heartfelt gesture on their part.
- Showing support: The national anthem of Canada is sung before an NHL hockey game between the Pittsburgh Penguins and the Philadelphia Flyers in Pittsburgh.
- Penguins performer Jeff Jimerson sang the anthem while the lyrics were displayed to allow the crowd to sing along.
- 'Ladies and gentlemen, tonight our thoughts and prayers are with our friends in Ottawa and across Canada.","- The incidents left the Canadian capital on lockdown, canceled a scheduled Sens-Leafs game and deeply affected the country overall.
- The Penguins and Flyers' rosters are filled with Canadians, including Pittsburgh captain Sidney Crosby and goalie Marc-Andre Fleury.","<BULLET> The incidents left the Canadian capital on lockdown, canceled a scheduled Sens-Leafs game and deeply affected the country overall.<BULLET> The Penguins and Flyers' rosters are filled with Canadians, including Pittsburgh captain Sidney Crosby and goalie Marc-Andre Fleury.",692,69,2.733120480000025,25.2458684148455
7,cnn_dailymail,"Most parents dream of their children growing up to become doctors, lawyers or astronauts. But when Richard and Sara from Newport think of their nine-year-old son Toby's future, they see prison. The schoolboy, who features in a new programme tonight on Channel 5 called My Violent Child, has suffered from bouts of extreme violence since he was very young - even at the age of four he threatened his older brother, then five, with a knife. Scroll down for video . Sara and Richard from Newport are struggling to control their nine year old son Toby, who suffers from violent outburtss . Despite still not reaching double figures, he has already been in trouble with the police for causing permanent damage to a fellow child's mouth after hitting them with a brick. His father Richard said: 'From a very young age he was very aggressive. When he was about four, he held a knife to Casey and threw bricks at Casey.' He continued: 'We've had police at the house where he's thrown brick - a child ended up injured and needing dental treatment. 'I expect for Toby in his teens to be locked up, we're expecting that. Because he doesn't care.' Sara comforts Toby after one of his outbursts . The couple, who have three other children; Casey, 10, Corey, seven, and Jacob, four, have been unable to control Toby's behaviour for years because they have no idea what the root of the problem is or what will start him off. Sara said: 'Absolutely anything sets Toby off, it can be anything as daft as two items of food touching on his plate, a noise, a smell or something he sees - it can be anything. 'He's physically abusive, he's mentally abusive, he really gets to you - to the point that he makes me want to cry sometimes. 'Sometimes I just let him pinch me and hit me and then he'll calm down and sometimes he does. 'I don't want to live on edge every day when he wakes up, I should be able to enjoy being his mum.' Toby attacks his mother during a tantrum . Sara and her son Casey try to get Toby off a bike during one of his outbursts . The brunt of Toby's behaviour is borne by his parents - Richard and Sara have both been strangled by their son and during the hour-long programme, he is regularly filmed punching, biting and kicking them both. But the violence also extends to his brothers, including four-year-old Jacob, who is filmed being kicked by Toby in the park. His nature has become so unpredictable that Sara reveals she is worried about leaving them alone in a room. Sara reveals that she often just allows Toby to kick and punch her to calm him down . Sara said: 'I can't leave him with his brothers because I know he'll hit them.' The strain has become so great on Sara and Richard that it has almost split them up several times. Richard said: 'It has driven us to the point where we could have parted ways many times. 'When there's no more you can do for each other and we're struggling, it gets to the point where it would be easier to turn and walk away.' In an effort to find out what is causing Toby's outbursts, the programme makers call in parenting expert Sarah Evans. Following a discussion with Sara, she discovers that the very early years of his life were fraught with stress from the family's living situation. From left: Father Richard, Casey, 10, Toby, nine, Corey, seven, Jacob, four, and Sara . Sara and Richard had their eldest child Casey when Sara was just 14 years old, then 10 months later she gave birth to her second son Toby. Because of the strain of having two children so close together, Sara reveals that she was very stressed and admits that she didn't bond with Toby as well as she would have hoped. Sarah Evans then talks the family through a series of tricks that she can use to enforce the bond between mother and son and explains that much of Toby's behaviour may be down to the lack of affection. Sara attempts a bonding exercise with Toby . As Sara starts to use tactile behaviour, including hugging Toby when he is having a tantrum or lightly touching his hand, she sees that her son starts to come out of his tantrums much quicker. Sarah also discusses the importance of Richard spending time with his family. Richard works long hours six days a week in a car business in order to provide for his family, but Jane emphasises that his children also need him to be around at home. The family then spend a day at the farm together and the couple admit that they are beginning to see big improvements in their son. Sara said: 'It is early days but I hope that if I persevere with it then we'll get results down the line and I think that day will come.' My Violent Child airs on Channel 5 this Wednesday at 9pm .","- Most parents dream of their children growing up to become doctors, lawyers or astronauts.
- But when Richard and Sara from Newport think of their nine-year-old son Toby's future, they see prison.
- The schoolboy, who features in a new programme tonight on Channel 5 called My Violent Child, has suffered from bouts of extreme violence since he was very young - even at the age of four he threatened his older brother, then five, with a knife.
- Sara and Richard from Newport are struggling to control their nine year old son Toby, who suffers from violent outburtss.
- Despite still not reaching double figures, he has already been in trouble with the police for causing permanent damage to a fellow child's mouth after hitting them with a brick.
- His father Richard said: 'From a very young age he was very aggressive.
- When he was about four, he held a knife to Casey and threw bricks at Casey.' He continued: 'We've had police at the house where he's thrown brick - a child ended up injured and needing dental treatment.
- The couple, who have three other children; Casey, 10, Corey, seven, and Jacob, four, have been unable to control Toby's behaviour for years because they have no idea what the root of the problem is or what will start him off.","- Most parents dream of their children growing up to become doctors, lawyers or astronauts.
- But when Richard and Sara think of their nine-year-old son Toby's future, they see prison.
- The schoolboy has suffered from bouts of extreme violence since he was very young - even at the age of four he threatened his older brother, then five, with a knife.
- Sara and Richard from Newport are struggling to control their nine year-old boy, who suffers from violent outburstss.<extra_id_38> The family then spend a day at the farm together and admit that they are beginning to see big improvements in their son, they are expecting that.","<BULLET> Most parents dream of their children growing up to become doctors, lawyers or astronauts.<BULLET> But when Richard and Sara think of their nine-year-old son Toby's future, they see prison.<BULLET> The schoolboy has suffered from bouts of extreme violence since he was very young - even at the age of four he threatened his older brother, then five, with a knife.<BULLET> Sara and Richard from Newport are struggling to control their nine year-old boy, who suffers from violent outburstss.<extra_id_38> The family then spend a day at the farm together and admit that they are beginning to see big improvements in their son, they are expecting that.",1384,145,7.475975203999951,19.395462938723913
347,email,"Just an update, to keep everyone current on the progress of this initiative:  We (Matt (from Unify), Liz, Dave, and myself) met today and attempted to find ways to directly relate the Passport information (from El Paso) to the corresponding prices etc.
in Unify.
Unfortunately, we discovered that there is no direct ""fool-proof"" way to accomplish this.
However, we have come up with a couple of things to try:  Liz is going to contact El Paso directly, and see if there is any other information they can provide in the Passport file that better uniquely identifies each deal / cut.
Hopefully, this will be something that makes relating the data to Unify much easier.
Matt is going to take a look at the format / content of the ""scheduled quantity"" file that comes in currently through the EDI Hub.
It's possible that this file contains cut information itself, which would possibly alleviate the need to use the Passport file altogether.
I believe that succinctly recaps the results of our meeting today.
If I have misrepresented anything, please let me know.
Also, feel free to contact me with any questions or concerns.
Thanks,","- Just an update, to keep everyone current on the progress of this initiative: We (Matt (from Unify), Liz, Dave, and myself) met today and attempted to find ways to directly relate the Passport information (from El Paso) to the corresponding prices etc. in...
- Unfortunately, we discovered that there is no direct ""fool-proof"" way to accomplish this.
- However, we have come up with a couple of things to try: Liz is going to contact El Paso directly, and see if there is any other information they can provide in the Passport file that better uniquely identifies each deal / cut.
- Hopefully, this will be something that makes relating the data to Unify much easier.
- Matt is going to take a look at the format / content of the ""scheduled quantity"" file that comes in currently through the EDI Hub.","- Liz is going to contact El Paso directly, and see if there is no direct ""fool-proof"" way to accomplish this.
- If I have misrepresented anything, please let me know.
- Also, feel free to contact me with any questions or concerns.","<BULLET> Liz is going to contact El Paso directly, and see if there is no direct ""fool-proof"" way to accomplish this.<BULLET> If I have misrepresented anything, please let me know.<BULLET> Also, feel free to contact me with any questions or concerns.",468,60,2.101745314000027,28.54770252148602
216,email,"Ok it is now officially Tuesday morning.
Kiss my ass Feeley.
Dropping Ricky Watters (seattle)  Picking up Trung Canidate (Rams)  To hell with the Galloway pick up.. if ya want to enforce the rules well... i did not get the galloway pick up by the Tuesday morning rule and as such i am not reinstating it here as he is hurt.. so BOOYAH!","- Ok it is now officially Tuesday morning.
- Dropping Ricky Watters (seattle) Picking up Trung Canidate (Rams) To hell with the Galloway pick up.. if ya want to enforce the rules well... i did not get the galloway pick up by the Tuesday morning rule and as such i am not reinstating it here as he is...","- Ok it is now officially Tuesday morning.
- Kiss my ass Feeley.
- Dropping Ricky Watters (seattle) Picking up Trung Canidate (Rams) To hell with the Galloway pick up.
- if ya want to enforce the rules well...",<BULLET> Ok it is now officially Tuesday morning.<BULLET> Kiss my ass Feeley.<BULLET> Dropping Ricky Watters (seattle) Picking up Trung Canidate (Rams) To hell with the Galloway pick up.<BULLET> if ya want to enforce the rules well...,308,67,2.0057387499999777,33.40415096432711
413,email,"Attached is the ERMS Discounting Memo as of 9/26/01.
Please note that the 9/26/2001 balance is based on the new method of calculating the discounting amount.
The changes that were made are as followed:  			Old method	New method Physical contract 	55 days		55 days Financial contract	55 days		5 days Financial calendar	55 days		38 days  Please let me know if you have questions.
Thanks","- Attached is the ERMS Discounting Memo as of 9/26/01.
- Please note that the 9/26/2001 balance is based on the new method of calculating the discounting amount.
- The changes that were made are as followed: Old method New method Physical contract 55 days 55 days Financial contract 55 days 5 days Financial calendar 55 days 38 days Please let me know if you have questions.",- Attached is the ERMS Discounting Memo as of 9/26/01.,<BULLET> Attached is the ERMS Discounting Memo as of 9/26/01.,290,20,0.8265435870000601,24.197151020903807
384,email,"Subject: Access Card Information  Dear Colleagues,  We know you have many questions about your new benefits plan, payroll issues and other changes that will occur over the next few weeks.
Human Resources and Communications are preparing a thorough Q&A, which we will send to you tomorrow and will regularly update as more information is available.
Meanwhile, please read the announcement below from Security about how you can obtain a new UBS Warburg access card that will allow you to enter our new office space after Friday.
I am confident that you share my enthusiasm about our new opportunity.
We look forward to working along side each of you in the coming days.
David Oxley Human Resources","- Subject: Access Card Information Dear Colleagues, We know you have many questions about your new benefits plan, payroll issues and other changes that will occur over the next few weeks.
- Human Resources and Communications are preparing a thorough Q&A, which we will send to you tomorrow and will regularly update as more information is available.
- Meanwhile, please read the announcement below from Security about how you can obtain a new UBS Warburg access card that will allow you to enter our new office space after Friday.
- I am confident that you share my enthusiasm about our new opportunity.
- We look forward to working along side each of you in the coming days.","- Human Resources and Communications are preparing a thorough Q&A, which we will send to you tomorrow and will regularly update as more information is available.","<BULLET> Human Resources and Communications are preparing a thorough Q&A, which we will send to you tomorrow and will regularly update as more information is available.",341,33,1.2070767490000662,27.338775291079845
257,email,"Please prepare a fed ex package to go out tonight, as described below.
Also,  please prepare a transmittal letter to Heather for me to sign.
Thanks,","- Please prepare a fed ex package to go out tonight, as described below.
- Also, please prepare a transmittal letter to Heather for me to sign.",- Prepare a fed ex package to go out tonight.,<BULLET> Prepare a fed ex package to go out tonight.,239,13,0.5918846150000263,21.963740348276197
60,email,"CERA is publishing some reports on their website that we should pay for and  post on our website.
Enron may already have an account.
Here is an example  that I scanned","- CERA is publishing some reports on their website that we should pay for and post on our website.
- Enron may already have an account.
- Here is an example that I scanned.","- CERA is publishing some reports on their website that we should pay for and post on our website.
- Enron may already have an account.",<BULLET> CERA is publishing some reports on their website that we should pay for and post on our website.<BULLET> Enron may already have an account.,242,32,1.0329458720000275,30.979358035518775
147,xsum,"From October, the firm will implement the minimum wage as recommended by the Living Wage Foundation.
That will be a minimum of £8.20 an hour across England, Scotland and Wales, and £9.35 an hour in London.
Lidl in Northern Ireland said it had increased wages in August ""in line with the proposed living wage for Northern Ireland"".
However, it has not yet disclosed the minimum rate it pays in Northern Ireland.
On Friday, Lidl announced that it would become the first UK supermarket to implement the living wage.
The Living Wage is different from the National Living Wage as set out in the last budget.
It is an hourly rate that is assessed as giving workers a basic standard of living.
In Northern Ireland it is £7.85 an hour, compared to the statutory minimum wage of £6.50 an hour.
The firm said store assistants working in Lidl NI earn ""up to £8.60 per hour"".
It added that it would ""continue to monitor all discussions and proposals in relation to the living wage in Northern Ireland and will review and update accordingly"".
Lidl has 38 stores in Northern Ireland.","- From October, the firm will implement the minimum wage as recommended by the Living Wage Foundation.
- That will be a minimum of £8.20 an hour across England, Scotland and Wales, and £9.35 an hour in London.
- Lidl in Northern Ireland said it had increased wages in August ""in line with the proposed living wage for Northern Ireland"".
- However, it has not yet disclosed the minimum rate it pays in Northern Ireland.
- On Friday, Lidl announced that it would become the first UK supermarket to implement the living wage.
- The Living Wage is different from the National Living Wage as set out in the last budget.","- From October, the firm will implement the minimum wage as recommended by the Living Wage Foundation.
- That will be a minimum of £8.20 an hour across England, Scotland and Wales, and £9.35 an hour in London.
- Lidl in Northern Ireland said it had increased wages in August ""in line with the proposed living wage for Northern Ireland"".
- On Friday, LidL announced that it would become the first UK supermarket to implement the living wage.
- The Living Wages is different from the National Living Waging as set out in the last budget.
- It earn ""up to £8.99 an hour.","<BULLET> From October, the firm will implement the minimum wage as recommended by the Living Wage Foundation.<BULLET> That will be a minimum of £8.20 an hour across England, Scotland and Wales, and £9.35 an hour in London.<BULLET> Lidl in Northern Ireland said it had increased wages in August ""in line with the proposed living wage for Northern Ireland"".<BULLET> On Friday, LidL announced that it would become the first UK supermarket to implement the living wage.<BULLET> The Living Wages is different from the National Living Waging as set out in the last budget.<BULLET> It earn ""up to £8.99 an hour.<BULLET>",445,133,4.491043155999932,29.61450054700877
335,xsum,"Cooper left the club to join Dragons in 2013, with an agreement to rejoin the club when he returned from Australia.
The 27-year-old played all three matches in England's home series win against New Zealand last year.
""It's great news and a great signing for the club,"" Warrington head coach Tony Smith said.
""It's something that we hoped for a few years ago, that Mike would eventually return to our club, but it's probably a little sooner than we thought considering how well he's done.""
Warrington are currently second in the Super League table, two points behind leaders Hull FC after 17 games.","- Cooper left the club to join Dragons in 2013, with an agreement to rejoin the club when he returned from Australia.
- The 27-year-old played all three matches in England's home series win against New Zealand last year.
- ""It's great news and a great signing for the club,"" Warrington head coach Tony Smith said.
- ""It's something that we hoped for a few years ago, that Mike would eventually return to our club, but it's probably a little sooner than we thought considering how well he's done."" Warrington are currently second in the Super League table, two points...","- Cooper left the club to join Dragons in 2013, with an agreement to rejoin the club when he returned from Australia.
- The 27-year-old played all three matches in England's home series win against New Zealand last year.
- Warrington are currently second in the Super League table, two points behind leaders Hull FC after 17 games.","<BULLET> Cooper left the club to join Dragons in 2013, with an agreement to rejoin the club when he returned from Australia.<BULLET> The 27-year-old played all three matches in England's home series win against New Zealand last year.<BULLET> Warrington are currently second in the Super League table, two points behind leaders Hull FC after 17 games.",345,73,2.601936783000042,28.056023680879267
253,xsum,"The 24-year-old was found at about 21:30 GMT on Monday and pronounced dead after shots were reportedly fired near restaurants on Walham Grove in Fulham.
Police believe the victim, who was with a friend, had stopped for something to eat at a fast food restaurant.
The Met said ""it would appear that the gunman had been lying in wait"" for the pair to return to their car.
The victim was shot as he was getting into the front passenger seat of the silver and black Renault Captur.
The man has not been formally identified and a post-mortem examination will take place in due course, police said.
Detectives from the homicide and major crime command are investigating, but no arrests have been made.","- The 24-year-old was found at about 21:30 GMT on Monday and pronounced dead after shots were reportedly fired near restaurants on Walham Grove in Fulham.
- Police believe the victim, who was with a friend, had stopped for something to eat at a fast food restaurant.
- The Met said ""it would appear that the gunman had been lying in wait"" for the pair to return to their car.
- The victim was shot as he was getting into the front passenger seat of the silver and black Renault Captur.
- The man has not been formally identified and a post-mortem examination will take place in due course, police said.","- The 24-year-old was found at about 21:30 GMT on Monday and pronounced dead after shots were reportedly fired near restaurants on Walham Grove in Fulham.
- Police believe the victim, who was with a friend, had stopped for something to eat at a fast food restaurant.
- The Met said ""it would appear that the gunman had been lying in wait"" for the pair to return to their car.
- He has not been formally identified and a post-mortem examination will take place in due course, police said.
- Detectives from the homicide and major crime command are investigating, but no arrests have been made.","<BULLET> The 24-year-old was found at about 21:30 GMT on Monday and pronounced dead after shots were reportedly fired near restaurants on Walham Grove in Fulham.<BULLET> Police believe the victim, who was with a friend, had stopped for something to eat at a fast food restaurant.<BULLET> The Met said ""it would appear that the gunman had been lying in wait"" for the pair to return to their car.<BULLET> He has not been formally identified and a post-mortem examination will take place in due course, police said.<BULLET> Detectives from the homicide and major crime command are investigating, but no arrests have been made.",362,139,3.997534621999989,34.77143118036524
157,xsum,"The competition kicked off on Friday evening as Ayr United beat neighbours Kilmarnock 1-0 in Group E.
And the cup gets into full swing on Saturday, with 15 more games.
Well have lost to two English National League sides in pre-season, while Hibs' games included a draw with Sunderland.
Lennon's side beat Dunfermline Athletic and Berwick Rangers in pre-season and will host Montrose in the Group D match.
""I was never a lover of pre-season when I played and as a manager I never paid to much attention to the results either,"" lennon told HibsTV.
""It was all about getting the players fit, but I've been pleased so far. The players have done very well.
""We know what is ahead of us and we know what's at stake in the Betfred Cup. We want to go as far in the competition as we can, if not win it.""
Nigeria defender Efe Ambrose will not feature against the Gable Endies after arriving back at training two days late with the Edinburgh club.
The 28-year-old, who was signed from Celtic this summer, said his delay was  because of a personal matter. Lennon said this has now been resolved.
It is the second year of the new League Cup group-stage format, with Premiership rivals Ross County hosting League One's Alloa Athletic in Saturday's other Group D game.
Motherwell are the top seeds in Group F, but the squad that is being reshaped by Robinson [nine players have arrived with 16 exiting] have suffered defeats by Gateshead and Barrow.
""The cup competition comes really, really early,"" the Well manager said before their trip to face League One side Queen's Park.
""I would rather have people 100% ready, but everybody's in the same boat.
""We will get better, especially our understanding. We brought in nine players and potentially one or two more.
""I think we need a bit of an injection of pace in the top end of the pitch, but we probably have to move people on first.""
One player Robinson has no intention of losing is Louis Moult, and the manager insisted the striker is ready to give 100% despite a rejected bid from Aberdeen.
Group H top seeds Partick Thistle face a tricky opener at home to Livingston, who won promotion to the Championship.
Thistle midfielder Stuart Bannigan is close to a return after 15 months on the sidelines through injury, but the 24-year-old is unlikely to feature as manager Alan Archibald is wary of rushing his recovery.
Archibald is already without right-back Mustapha Dumbuya, who is facing a couple of months on the sidelines after having surgery on an injury.
Fellow defender Niall Keown is also doubt after picking up a knock before leaving Reading.
Archibald has therefore been forced back into the transfer market to find a new right-back as well as a new striker after Ade Azeez departed for Cambridge United.
With Aberdeen, holders Celtic, Rangers and St Johnstone not featuring until the next round because they were in European competition, Hamilton Academical are the other top-flight side in action on Saturday.
They made their first signing of the close season on Friday, with French central defender Xavier Tomas joining for an undisclosed fee from Swiss club Lausanne-Sport.
However, the 31-year-old will not feature away to Lowland League champions East Kilbride as he requires international clearance.
Group A
Falkirk v Stirling Albion
Inverness Caledonian Thistle v Brechin City
Group B
Dunfermline Athletic v Elgin City
Peterhead v East Fife
Group C
Cowdenbeath v Buckie Thistle
Dundee United v Raith Rovers
Group D
Hibernian v Montrose
Ross County v Alloa Athletic
Group E
Clyde v Annan Athletic
Group F
Berwick Rangers v Greenock Morton
Queen's Park v Motherwell
Group G
East Kilbride v Hamilton Academical
Stenhousemuir v Queen of the South
Group H
Livingston v Partick Thistle
Stranraer v St Mirren","- The competition kicked off on Friday evening as Ayr United beat neighbours Kilmarnock 1-0 in Group E. And the cup gets into full swing on Saturday, with 15 more games.
- Well have lost to two English National League sides in pre-season, while Hibs' games included a draw with Sunderland.
- Lennon's side beat Dunfermline Athletic and Berwick Rangers in pre-season and will host Montrose in the Group D match.
- ""I was never a lover of pre-season when I played and as a manager I never paid to much attention to the results either,"" lennon told HibsTV.
- ""It was all about getting the players fit, but I've been pleased so far.
- ""We know what is ahead of us and we know what's at stake in the Betfred Cup.
- We want to go as far in the competition as we can, if not win it."" Nigeria defender Efe Ambrose will not feature against the Gable Endies after arriving back at training two days late with the Edinburgh club.
- The 28-year-old, who was signed from Celtic this summer, said his delay was because of a personal matter.","- Well have lost to two English National League sides in pre-season, while Hibs' games included a draw with Sunderland.
- Lennon's side beat Dunfermline Athletic and Berwick Rangers in pre­season and will host Montrose in the Group D match.
- Efe Ambrose will not feature against the Gable Endies after arriving back at training two days late with the Edinburgh club.
- The 28-year-old said his delay was because of a personal matter.
- Archibald is already without right-back Mustapha Dumbuya.","<BULLET> Well have lost to two English National League sides in pre-season, while Hibs' games included a draw with Sunderland.<BULLET> Lennon's side beat Dunfermline Athletic and Berwick Rangers in pre­season and will host Montrose in the Group D match.<BULLET> Efe Ambrose will not feature against the Gable Endies after arriving back at training two days late with the Edinburgh club.<BULLET> The 28-year-old said his delay was because of a personal matter.<BULLET> Archibald is already without right-back Mustapha Dumbuya.",1153,130,5.941330711999967,21.88062006671894
76,ag_news,"The twin challenges in Palestine and other Arab countries The Palestinian intifada marked the completion of its fourth consecutive year yesterday, and, not surprisingly, Palestinian street anger is directed these days at both the Israelis for their brutal occupation and at Yasser Arafat #39;s incompetent and often","- The twin challenges in Palestine and other Arab countries The Palestinian intifada marked the completion of its fourth consecutive year yesterday, and, not surprisingly, Palestinian street anger is directed these days at both the Israelis for their brutal...","- The twin challenges in Palestine and other Arab countries The Palestinian intifada marked the completion of its fourth consecutive year yesterday.
- Palestinian street anger is directed these days at both the Israelis for their brutal occupation and at Yasser Arafat #39;s incompetent and often often directed these day at both Israelis.",<BULLET> The twin challenges in Palestine and other Arab countries The Palestinian intifada marked the completion of its fourth consecutive year yesterday.<BULLET> Palestinian street anger is directed these days at both the Israelis for their brutal occupation and at Yasser Arafat #39;s incompetent and often often directed these day at both Israelis.,273,74,2.7250263230000655,27.155700983662836
408,ag_news,"NL notables Aramis Ramirez tied the club record with 14 total bases. His three homers gave the Cubs a franchise-record 213 this season, topping the 1998 club.","- NL notables Aramis Ramirez tied the club record with 14 total bases.
- His three homers gave the Cubs a franchise-record 213 this season, topping the 1998 club.","- Aramis Ramirez tied the club record with 14 total bases.
- His three homers gave the Cubs a franchise-record 213 this season, topping the 1998 club.","<BULLET> Aramis Ramirez tied the club record with 14 total bases.<BULLET> His three homers gave the Cubs a franchise-record 213 this season, topping the 1998 club.",249,43,1.3419457019999754,32.04302524007844
245,cnn_dailymail,"Carlen Higgs, 33, allegedly burst into the Upper Darby police headquarters  before sitting on a bench and light up a doobie . A man police say was likely high on PCP on Sunday night when he burst into a Pennsylvania police station and lit up a joint. Carlen Higgs, 33, allegedly burst into the Upper Darby police headquarters around 11pm 'ranting and raving' and 'demanding to see a police officer' before sitting on a bench and light up a doobie. Apparently unsatisfied with the stir this caused in the precinct, Higgs would soon strip down in his holding cell, defecate on the floor and smear his feces across the cell walls. He was 'pretty whacked out' Upper Darby Police Superintendent Michael Chitwood told Philly.com. He was taken in for a mental health evaluation, at which point police say he was found to be under the influence of drugs, likely PCP. Officers had to restrain Higgs as he was transported back to the station. Chitwood said Higgs has a nasty criminal record dating back to 2000. Prior infractions include, according to Philly.com, terroristic threats, assault and possessing controlled substances. For Sunday's incident, he's charged with disorderly conduct, public drunkenness, marijuana possession and possession of drug paraphernalia. He's being held in lieu of $10,000 bail. Apparently unsatisfied with the stir this caused in the precinct, Higgs would soon strip down in his holding cell, defecate on the floor and smear his feces across the cell walls .","- Carlen Higgs, 33, allegedly burst into the Upper Darby police headquarters before sitting on a bench and light up a doobie.
- A man police say was likely high on PCP on Sunday night when he burst into a Pennsylvania police station and lit up a joint.
- Carlen Higgs, 33, allegedly burst into the Upper Darby police headquarters around 11pm 'ranting and raving' and 'demanding to see a police officer' before sitting on a bench and light up a doobie.
- He was 'pretty whacked out' Upper Darby Police Superintendent Michael Chitwood told Philly.com.
- He was taken in for a mental health evaluation, at which point police say he was found to be under the influence of drugs, likely PCP.
- Apparently unsatisfied with the stir this caused in the precinct, Higgs would soon strip down in his holding cell, defecate on the floor and smear his feces across the cell walls.","- Carlen Higgs, 33, allegedly burst into the Upper Darby police headquarters around 11pm 'ranting and raving' and 'demanding to see a police officer' before sitting on a bench and light up a joint.
- Officers had to restrain Higg' as he was transported back to the station.
- Chitwood said Higg has a nasty criminal record dating back to 2000.
- Prior infractions include, according to Philly.com, terroristic threats, marijuana possession and drugs.","<BULLET> Carlen Higgs, 33, allegedly burst into the Upper Darby police headquarters around 11pm 'ranting and raving' and 'demanding to see a police officer' before sitting on a bench and light up a joint.<BULLET> Officers had to restrain Higg' as he was transported back to the station.<BULLET> Chitwood said Higg has a nasty criminal record dating back to 2000.<BULLET> Prior infractions include, according to Philly.com, terroristic threats, marijuana possession and drugs.",604,120,3.987854625999944,30.091367728809903
156,cnn_dailymail,"(Martha Stewart Living) -- It is incredible how things change when the family dynamic is so greatly, fabulously altered with the addition of two grand-babies. Family vacations have to be adjusted to accommodate little ones: What is a fun as well as safe environment? Martha Stewart Living: 15 kitchen shortcuts that will change the way you cook . The same concerns apply to the celebratory events, including this Thanksgiving, when both children, Jude and Truman, will be able to sit at the table, to eat all the food, and to begin to comprehend what this holiday is all about. Granted, they are still just 2½ and 1½—and a little bit messy in their eating habits—so a big, splashy dinner in a dining room would be less appropriate than a smaller gathering of family and friends in the Tenant House at the farm in Bedford where I live. Martha Stewart Living: 19 tips for perfect laundry every time . The children love the small 1880s farmhouse, which Alexis renovated and furnished several years before they were born. I keep special toys in the house, and lots of unusual books and things to catch their interest. We decided to have Thanksgiving there this year, at the very large soapstone-topped kitchen table, amid the hubbub of preparation for the afternoon dinner. I wanted the table to be seasonal, indicative of turkeys and harvest, and I wanted everything to be for the children. Martha Stewart Living: 20 super-efficient, super-effective ways to clean all the things . With the help of crafts editor Marcie McGoldrick, we devised a method for casting numerous turkeys from a material called PermaStone, a lightweight, durable cement. We tried casting in my old tin and metal turkey-shaped chocolate molds first, but we couldn't get the cement to release easily once set, so we used very beautiful plastic candy and candle molds of turkeys in various sizes for the project instead. Martha Stewart Living: Instant organization: Get it together in 15 minutes or less . From there, I decided to make turkeys the theme: large Perma-Stone turkey ""statues,"" gently tinted in various earth tones; smaller turkey place-card holders; turkey chocolates for dessert; and turkey decals for some of my Wedgwood Drabware plates. We printed the clip art (you can find it and instructions at marthastewart.com/turkey- decals) on a home printer and stuck it on as a purely decorative embellishment—the plates were replaced with heated dinner plates for the meal. The decals are so easy to apply, and they are very appealing for any celebration. (Just imagine Christmas or Halloween imagery of your choosing temporarily adorning plain dinnerware!) Martha Stewart Living: Don't shelve these clever bookshelf decorating ideas . I look forward to many holidays and parties with the babies, and I promise to continue innovating and creating to make those celebrations memorable, fun, delectable, and beautiful! Martha Stewart Living: Curb your food cravings with yoga .","- (Martha Stewart Living) -- It is incredible how things change when the family dynamic is so greatly, fabulously altered with the addition of two grand-babies.
- Family vacations have to be adjusted to accommodate little ones: What is a fun as well as safe environment?
- Martha Stewart Living: 15 kitchen shortcuts that will change the way you cook.
- The same concerns apply to the celebratory events, including this Thanksgiving, when both children, Jude and Truman, will be able to sit at the table, to eat all the food, and to begin to comprehend what this holiday is all about.
- Granted, they are still just 2½ and 1½—and a little bit messy in their eating habits—so a big, splashy dinner in a dining room would be less appropriate than a smaller gathering of family and friends in the Tenant House at the farm in Bedford where I live.
- Martha Stewart Living: 19 tips for perfect laundry every time.
- The children love the small 1880s farmhouse, which Alexis renovated and furnished several years before they were born.
- We decided to have Thanksgiving there this year, at the very large soapstone-topped kitchen table, amid the hubbub of preparation for the afternoon dinner.","- The same concerns apply to the celebratory events, including this Thanksgiving, when both children, Jude and Truman, will be able to sit at the table, to eat all the food, and to begin to comprehend what this holiday is all about.
- Granted, they are still just 21<unk>2 and 11<unk>2—and a little bit messy in their eating habits—so a big, splashy dinner in a dining room would be less appropriate than a smaller gathering of family and friends in the Tenant House at the farm in Bedford where I live.
- The children love the small 1880s farmhouse, and they are so easy to apply, and I wanted the table to be seasonal, indicative of turkeys and harvest, and we used very beautiful plastic candy and adorning plain dinner...","<BULLET> The same concerns apply to the celebratory events, including this Thanksgiving, when both children, Jude and Truman, will be able to sit at the table, to eat all the food, and to begin to comprehend what this holiday is all about.<BULLET> Granted, they are still just 21<unk>2 and 11<unk>2—and a little bit messy in their eating habits—so a big, splashy dinner in a dining room would be less appropriate than a smaller gathering of family and friends in the Tenant House at the farm in Bedford where I live.<BULLET> The children love the small 1880s farmhouse, and they are so easy to apply, and I wanted the table to be seasonal, indicative of turkeys and harvest, and we used very beautiful plastic candy and adorning plain dinner...",880,172,6.8535976379999966,25.096308403974632
242,email,"Please open the attached file to read the complete text of the following items:  07:24AM EDT 31-MAY-01 ABN AMRO INC. (CIHRA,ROBERT) CPQ DELL GTW COMPAQ COMPUTER: LOWERING ESTIMATES  04:21PM EDT 30-MAY-01 BEAR STEARNS (J. NEFF/BOBBA/HAND) IBM HWP EMC: LOWERING ESTIMATES; MAINTAIN ATTRACTIVE  06:38AM EDT 31-MAY-01 PRUDENTIAL SECURITIES (H.MOSESMANN) INTC AMD INTC:  UPDATE FROM TAIWAN.
QUARTER TRACKING TOWARD LOWER END OF GUIDANCE  02:39PM EDT 30-MAY-01 UBS WARBURG (US) (YOUNG, DON) GTW AAPL CP GTW: PRICE WAR - COOL !
11:45AM EDT 30-MAY-01 LEHMAN BROTHERS (ELLING, GEORGE) SUNW EMC HW SUN MICROSYSTEMS: 4Q01 GUIDANCE LOWERED; EUROPE WEAK  08:59AM EDT 31-MAY-01 J.P. MORGAN (WALTER J. WINNITZKI) TECD CPQ DELL IM DZTK TECD: Q1 SOLID, BUT GUIDANCE REDUCED DUE TO INDUSTRY CONDITIONS   <<5.31.01 Analyst Reports.doc>> The analyst reports provided are reports prepared by independent analysts who monitor and track Compaq's performance.
These reports are not prepared by or at the direction of Compaq and as a result, Compaq is not endorsing or verifying the information contained in these reports or endorsing any of these analysts.
These reports are being provided solely for business reasons and as a result, do not distribute these reports to other individuals outside of Compaq.
If other individuals are interested in receiving the reports provided herein, please contact Elizabeth Davis in Compaq's Investor Relations Department at elizabeth.davis@compaq.com.","- Please open the attached file to read the complete text of the following items: 07:24AM EDT 31-MAY-01 ABN AMRO INC. (CIHRA,ROBERT) CPQ DELL GTW COMPAQ COMPUTER: LOWERING ESTIMATES 04:21PM EDT 30-MAY-01 BEAR STEARNS (J. NEFF/BOBBA/HAND) IBM HWP EMC...
- QUARTER TRACKING TOWARD LOWER END OF GUIDANCE 02:39PM EDT 30-MAY-01 UBS WARBURG (US) (YOUNG, DON) GTW AAPL CP GTW: PRICE WAR - COOL!
- 11:45AM EDT 30-MAY-01 LEHMAN BROTHERS (ELLING, GEORGE) SUNW EMC HW SUN MICROSYSTEMS: 4Q01 GUIDANCE LOWERED; EUROPE WEAK 08:59AM EDT 31-MAY-01 J.P. MORGAN (WALTER J. WINNITZKI) TECD CPQ DELL IM DZTK TECD: Q1 SOLID, BUT GUIDANCE REDUCED DUE TO INDUSTRY...
- These reports are not prepared by or at the direction of Compaq and as a result, Compaq is not endorsing or verifying the information contained in these reports or endorsing any of these analysts.
- These reports are being provided solely for business reasons and as a result, do not distribute these reports to other individuals outside of Compaq.","- The analyst reports provided are reports prepared by independent analysts who monitor and track Compaq's performance.
- These reports are being provided solely for business reasons and as a result, do not distribute these reports to other individuals outside of CompaQ.
- If other individuals are interested in receiving the reports provided herein, please contact Elizabeth Davis in Compaqu's Investor Relations Department at elizabeth.davis@compaq.com.","<BULLET> The analyst reports provided are reports prepared by independent analysts who monitor and track Compaq's performance.<BULLET> These reports are being provided solely for business reasons and as a result, do not distribute these reports to other individuals outside of CompaQ.<BULLET> If other individuals are interested in receiving the reports provided herein, please contact Elizabeth Davis in Compaqu's Investor Relations Department at elizabeth.davis@compaq.com.",711,99,3.564186156000005,27.77632695568998
132,email,"Jay,  I can't seem to suspend my product without hitting the stop sign with the  hand on it.
The red stop light isn't showing up and when I right click on the  product the suspend product option is faded and I can't select it.
How can I  fix this?
Let me know.
Thanx,","- Jay, I can't seem to suspend my product without hitting the stop sign with the hand on it.
- The red stop light isn't showing up and when I right click on the product the suspend product option is faded and I can't select it.","- Jay, I can't seem to suspend my product without hitting the stop sign with the hand on it.
- The red stop light isn't showing up and when I right click on the product the suspend product option is faded and I can’t select it.<extra_id_38> How can I fix this? Let me know.","<BULLET> Jay, I can't seem to suspend my product without hitting the stop sign with the hand on it.<BULLET> The red stop light isn't showing up and when I right click on the product the suspend product option is faded and I can’t select it.<extra_id_38> How can I fix this? Let me know.",273,69,2.111018988000069,32.68563683805091
232,email,"Sam:  We need to send Sharen Cason the Deemed ISDA format to reconfirm this  transaction.
It is a domestic deal and I'd like to review your template  before sending to Sharen.
Please email to me on Monday so that we can send  to Sharen.
Thanks.
Sara","- Sam: We need to send Sharen Cason the Deemed ISDA format to reconfirm this transaction.
- It is a domestic deal and I'd like to review your template before sending to Sharen.
- Please email to me on Monday so that we can send to Sharen.","- It is a domestic deal and I'd like to review your template before sending to Sharen.
- Please email to me on Monday so that we can send to ShareN.",<BULLET> It is a domestic deal and I'd like to review your template before sending to Sharen.<BULLET> Please email to me on Monday so that we can send to ShareN.,267,39,1.2703879819999884,30.699282858927706
53,email,"The following reports have been waiting for your approval for more than 4 days.
Please review.
Owner: Matthew M Lorenz Report Name: Minnesota Power Outing Days In Mgr.
Queue: 4  Owner: Russell W Ballato Report Name: Group Mtg.
Days In Mgr.
Queue: 4  Owner: Joseph Errigo Report Name: Group Mtg.
Days In Mgr.
Queue: 4  Owner: Don C Baughman Jr Report Name: Hourly Monthly Mtg.
Days In Mgr.
Queue: 4","- The following reports have been waiting for your approval for more than 4 days.
- Owner: Matthew M Lorenz Report Name: Minnesota Power Outing Days In Mgr.
- Queue: 4 Owner: Russell W Ballato Report Name: Group Mtg.
- Queue: 4 Owner: Joseph Errigo Report Name: Group Mtg.
- Queue: 4 Owner: Don C Baughman Jr Report Name: Hourly Monthly Mtg.","- The following reports have been waiting for your approval for more than 4 days.
- Please review.",<BULLET> The following reports have been waiting for your approval for more than 4 days.<BULLET> Please review.,327,21,0.8866378870000062,23.684979299784708
162,email,"Whats the good word in houston?
did you manage to have a break from the chaos at work for some turkey -drop me a line when you have a chance.
Things are much the same here over the past few weeks.","- Whats the good word in houston? did you manage to have a break from the chaos at work for some turkey -drop me a line when you have a chance.
- Things are much the same here over the past few weeks.",- did you manage to have a break from the chaos at work for some turkey -drop me a line when you have.,<BULLET> did you manage to have a break from the chaos at work for some turkey -drop me a line when you have.,257,30,1.0485478379999904,28.61099790851915
329,email,"All,  We have migrated many Enpower applications successfully on Saturday the Dec 8, 2001 for Pwr_Deal_Strips table change.
Please re-login to Enpower system for updates.
For further queries, please call me at X57926.
Thanks.","- All, We have migrated many Enpower applications successfully on Saturday the Dec 8, 2001 for Pwr_Deal_Strips table change.
- Please re-login to Enpower system for updates.
- For further queries, please call me at X57926.","- All, We have migrated many Enpower applications successfully on Saturday the Dec 8, 2001 for Pwr_Deal_Strips table change.
- Please re-login to Enpower system for updates.
- For further queries, please call me at X57926.","<BULLET> All, We have migrated many Enpower applications successfully on Saturday the Dec 8, 2001 for Pwr_Deal_Strips table change.<BULLET> Please re-login to Enpower system for updates.<BULLET> For further queries, please call me at X57926.",265,62,2.343827936000025,26.45245371800165
284,xsum,"Hibs, who beat Swansea 5-0 on Tuesday, fell behind when Yana Malakhova netted for the Ukrainian side.
But Lucy Graham scored her third goal of the group to draw Hibs level late on.
Swansea take on Olimpia Cluj later on Friday, with all of the Group 2 fixtures being played in Cluj-Napoca, Romania.
The final round of fixtures is on Monday, with Hibs taking on Cluj and Swansea meeting Kharkiv. Cluj beat Kharkiv on Tuesday.
The 10 group winners qualify for the knock-out stage along with one best runner-up.
Scottish Women's Premier League runners-up Hibs made their debut in the competition last season.
Hibs, who presently lead the SWPL from champions Glasgow City, lost 10-1 on aggregate to Bayern Munich after qualifying directly for the knock-out stage last season.
Scottish champions City, who have a game in hand over Hibs in this season's domestic league, again start their Champions League campaign in the knock-out stage.","- Hibs, who beat Swansea 5-0 on Tuesday, fell behind when Yana Malakhova netted for the Ukrainian side.
- But Lucy Graham scored her third goal of the group to draw Hibs level late on.
- Swansea take on Olimpia Cluj later on Friday, with all of the Group 2 fixtures being played in Cluj-Napoca, Romania.
- The final round of fixtures is on Monday, with Hibs taking on Cluj and Swansea meeting Kharkiv.
- The 10 group winners qualify for the knock-out stage along with one best runner-up.","- Hibs fell behind when Yana Malakhova netted for the Ukrainian side.
- But Lucy Graham scored her third goal of the group to draw Hib's level late on.
- The final round of fixtures is on Monday, with Hib’s taking on Cluj and Swansea meeting Kharkiv.
- Cluj beat Khar Kiv on Tuesday.
- The 10 group winners qualify for the knock-out stage along with one best runner-up.
- Scottish champions City, who have a game in hand over Hib in this season's domestic league.","<BULLET> Hibs fell behind when Yana Malakhova netted for the Ukrainian side.<BULLET> But Lucy Graham scored her third goal of the group to draw Hib's level late on.<BULLET> The final round of fixtures is on Monday, with Hib’s taking on Cluj and Swansea meeting Kharkiv.<BULLET> Cluj beat Khar Kiv on Tuesday.<BULLET>The 10 group winners qualify for the knock-out stage along with one best runner-up.<BULLET> Scottish champions City, who have a game in hand over Hib in this season's domestic league.",436,125,4.552289029999997,27.45871344640876
238,xsum,"The plants were found during searches of premises on the Ballygowan Road in Comber on Thursday.
The two men, aged 26 and 49, and the 39-year-old woman have been charged with a number of offences.
These include cultivating cannabis and possessing a class B controlled drug with intent to supply.
The two men and woman are due to appear at court in Newtownards on Saturday.","- The plants were found during searches of premises on the Ballygowan Road in Comber on Thursday.
- The two men, aged 26 and 49, and the 39-year-old woman have been charged with a number of offences.
- These include cultivating cannabis and possessing a class B controlled drug with intent to supply.","- The plants were found during searches of premises on the Ballygowan Road in Comber on Thursday.
- The two men, aged 26 and 49, and the 39-year-old woman have been charged with a number of offences.
- These include cultivating cannabis and possessing a class B controlled drug with intent to supply.
- They are due to appear at court in Newtownards on Saturday.","<BULLET> The plants were found during searches of premises on the Ballygowan Road in Comber on Thursday.<BULLET> The two men, aged 26 and 49, and the 39-year-old woman have been charged with a number of offences.<BULLET> These include cultivating cannabis and possessing a class B controlled drug with intent to supply.<BULLET> They are due to appear at court in Newtownards on Saturday.",292,88,2.693287009999949,32.673829292334375
283,xsum,"Japan's hi-tech toilets famously include features such as lid and seat controls, flush strength, front and back bidets, and air drying,
Different manufacturers all use their own pictograms for each function.
But the Japan Sanitary Equipment Industry Association says this confuses foreign tourists.
The organisation said (in Japanese) that it hoped its eight new pictograms would make things easier for non-Japanese speakers and create ""a toilet environment that anyone can use with peace of mind"".
Japan is attracting tourists in record numbers and authorities are focussed on making the country more welcoming for the Tokyo Olympic Games in 2020.
The association includes major domestic toilet giants, including Toshiba, Panasonic and Toto.
They will begin using the new symbols this year, the association said.","- Japan's hi-tech toilets famously include features such as lid and seat controls, flush strength, front and back bidets, and air drying, Different manufacturers all use their own pictograms for each function.
- But the Japan Sanitary Equipment Industry Association says this confuses foreign tourists.
- The organisation said (in Japanese) that it hoped its eight new pictograms would make things easier for non-Japanese speakers and create ""a toilet environment that anyone can use with peace of mind"".
- Japan is attracting tourists in record numbers and authorities are focussed on making the country more welcoming for the Tokyo Olympic Games in 2020.
- They will begin using the new symbols this year, the association said.","- The Japan Sanitary Equipment Industry Association says this confuses foreign tourists.
- The organisation said (in Japanese) that it hoped its eight new pictograms would make things easier for non-Japanese speakers and create ""a toilet environment that anyone can use with peace of mind"".
- Japan is attracting tourists in record numbers and authorities are focussed on making the country more welcoming for the Tokyo Olympic Games in 2020.
- The association includes major domestic toilet giants, including Toshiba, Panasonic and Toto.
- They will begin using the new symbols this year, the association said.","<BULLET> The Japan Sanitary Equipment Industry Association says this confuses foreign tourists.<BULLET> The organisation said (in Japanese) that it hoped its eight new pictograms would make things easier for non-Japanese speakers and create ""a toilet environment that anyone can use with peace of mind"".<BULLET> Japan is attracting tourists in record numbers and authorities are focussed on making the country more welcoming for the Tokyo Olympic Games in 2020.<BULLET>The association includes major domestic toilet giants, including Toshiba, Panasonic and Toto.<BULLET> They will begin using the new symbols this year, the association said.",372,124,3.7222328240000024,33.313337951478964
450,xsum,"Its depiction, at a screening of the film Suffragette to a teenage audience as part of the Into Film Festival, drew gasps from those perhaps not familiar with the story of the votes-for-women campaigner whose death propelled the cause on to the newspaper front pages.
But a question-and-answer session with screenwriter Abi Morgan and actress Romola Garai revealed other viewers had done their homework.
""It's an incredible film, stunning,"" said Khadija, 17, from Ellen Wilkinson school in west London.
She particularly liked its focus on a group of working-class campaigners in the East End - but took issue with the absence of leading figures in the movement who were of Asian origin.
Her comments echo complaints when the film was launched last month, that it had airbrushed out the contributions of ethnic minority women to the movement.
""I did a bit of research beforehand and came across a group of Asian women that were at the forefront.
""So I came into the film really excited to see them and to be honest I was quite disappointed they simply weren't there, not even in the extras,"" said Khadija.
Abi Morgan knew exactly who she meant - two Asian women played a large part in funding the movement.
""But both of them were aristocratic,"" and one, Princess Sophia Duleep Singh, was a god-daughter of Queen Victoria, she explained.
Mass migration had yet to happen and although there was some - it was predominantly Irish and Jewish, she said.
""I could only find one photograph of a woman of colour in the suffragette movement.""
She gave Khadija her email address and asked her to pass on her research.
Other audience members were keen to explore the balance between fact and creativity in historical drama.
""Ultimately it's an act of creation,"" said Abi.
""What I wanted to do was create fictional characters that would collide with history.
""I discovered this area of east London and a really interesting group of women to focus on.""
Sometimes practical problems got in the way of accuracy too, she explained.
For example, a key speech by suffragette leader Emmeline Pankhurst, made in the film outside a London house, was in fact delivered in the Albert Hall.  ""But we couldn't afford the Albert Hall. You are always cutting your cloth.""
The discussion highlighted how some parts of the film are still relevant today, particularly battles for equal pay and against sexual violence.
Romola Garai, who plays the wife of an MP, said women of the political class could involve themselves in the movement but were often constrained by their husbands' careers.
But the working-class heroine of the film ""has no safety net. So the stakes are much higher. She has no family network, no education to fall back on,"" said the actress.
""Would you have been a suffragette at the time?"" was another question.
""There were a lot of women involved in the movement at the time who wore badges and jewellery - the equivalent of wearing a T-shirt.
""I think I would have done a bit more than wear a T-shirt,"" said Romola.
""I have a bad feeling I might have written a cheque,"" said Abi, ""but it's a bit like asking if I would be brave enough to stand up and protest against rape in India or be part of the Arab Spring.
""The fury and anger of some of these protests makes me feel that maybe I could.""
She explained that it had taken her six years to get funding for the movie and she finally managed to raise $14m (Â£9m), which is really quite a small budget for a film.
If she had been male and looking for funding for a film based on male struggles, she believes the funding would have been easier.
It is ironic, she said, that ""the one film that promotes equality for women is having its diversity questioned.
""The film is absolutely about promoting equality for all women, including women of colour.""
However, she was glad the question had been raised ""because we need to talk about it"".
Khadija says she will be continuing the conversation by email.
""I am definitely going to pass on what I thought of it and things I came across.
""It is important that she is interested for future films, which hopefully women will also get involved in, which I think is really exciting.""
Suffragette is one of 150 films being shown free to 400,000 children and young people during the Into Film Festival, which runs until 20 November across the UK.","- Its depiction, at a screening of the film Suffragette to a teenage audience as part of the Into Film Festival, drew gasps from those perhaps not familiar with the story of the votes-for-women campaigner whose death propelled the cause on to the newspaper...
- But a question-and-answer session with screenwriter Abi Morgan and actress Romola Garai revealed other viewers had done their homework.
- ""It's an incredible film, stunning,"" said Khadija, 17, from Ellen Wilkinson school in west London.
- She particularly liked its focus on a group of working-class campaigners in the East End - but took issue with the absence of leading figures in the movement who were of Asian origin.
- Her comments echo complaints when the film was launched last month, that it had airbrushed out the contributions of ethnic minority women to the movement.
- ""I did a bit of research beforehand and came across a group of Asian women that were at the forefront.
- ""So I came into the film really excited to see them and to be honest I was quite disappointed they simply weren't there, not even in the extras,"" said Khadija.
- ""But both of them were aristocratic,"" and one, Princess Sophia Duleep Singh, was a god-daughter of Queen Victoria, she explained.","- Mass migration had yet to happen and although there was some - it was predominantly Irish and Jewish, she said.
- She has no family network, no education to fall back on,"" said the actress.
- ""I have a bad feeling I might have written a cheque,"" said Khadija.
- Suffragette is one of 150 films being shown free to 400,000 children and young people during the Into Film Festival, which runs until 20 November across the UK.","<BULLET> Mass migration had yet to happen and although there was some - it was predominantly Irish and Jewish, she said.<BULLET> She has no family network, no education to fall back on,"" said the actress.<BULLET> ""I have a bad feeling I might have written a cheque,"" said Khadija.<BULLET> Suffragette is one of 150 films being shown free to 400,000 children and young people during the Into Film Festival, which runs until 20 November across the UK.",1221,101,6.001398477999942,16.829410739888047
70,ag_news,Iran Insists on Keeping Some Centrifuges (AP) AP - Iran insisted Thursday it had a right to exempt some equipment from an agreement with the European Union committing it to freeze all parts of a program that can make nuclear weapons-grade uranium  #151; a move that diplomats said threatened to scuttle the deal.,"- Iran Insists on Keeping Some Centrifuges.
- Iran Insists on Keeping Some Centrifuges (AP) AP - Iran insisted Thursday it had a right to exempt some equipment from an agreement with the European Union committing it to freeze all parts of a program that can make nuclear weapons-grade uranium - a move...",- Iran Insists on Keeping Some Centrifuges (AP),<BULLET> Iran Insists on Keeping Some Centrifuges (AP),287,18,0.7528676850000693,23.908583617848258
318,ag_news,"Najaf Battle.. Sistani Wins Big The dramatic return from abroad, call on his followers to head for Najaf and the swift ending to a three-week long fierce battle","- Sistani Wins Big The dramatic return from abroad, call on his followers to head for Najaf and the swift ending to a three-week long fierce battle.","- Najaf Battle.
- Sistani Wins Big The dramatic return from abroad, call on his followers to head for NajaF and the swift ending to a three-week long fierce battle.","<BULLET> Najaf Battle.<BULLET> Sistani Wins Big The dramatic return from abroad, call on his followers to head for NajaF and the swift ending to a three-week long fierce battle.",246,44,1.3485741619999772,32.627052512074414
365,cnn_dailymail,"Authorities say a live hand grenade from World War II has been removed from a western New York state home. Police in Albion in Orleans County told local media that the home was being cleaned out on Tuesday when the grenade was found in the basement. Joe Roberts found the grenade in the afternoon, while he cleaned with his wife Linda Roberts, Orleans Hub reported. Relic: This live WWII grenade was found inside an Albion, New York, home . Success: The grenade was removed and is being detonated elsewhere . The couple was working in the home following an estate sale held by homeowner Elizabeth Donovan, according to the newspaper. Donovan lived in the house since the 1920s and had recently moved in with relatives, with Orleans Hub reporting that she went to Florida. Albion police were contacted by Joe Roberts and photographed the grenade, then called in the sheriff's office bomb squad in neighboring Monroe County, the newspaper said. Scene: Joe Roberts and his wife Linda Roberts were cleaning out this Albion home when Joe found the live grenade . The squad found the grade was from World War II. The bomb squad took the explosive out of the home and planned to detonate it elsewhere, Orleans Hub reported. A relative of Donovan's told the newspaper the grenade could have been in the house because one of her realtives served in the military in WWII and could have kept it as a souvenir. At a different residence, the Roberts discovered a War of 1812 cannon ball, the paper said.","- Authorities say a live hand grenade from World War II has been removed from a western New York state home.
- Police in Albion in Orleans County told local media that the home was being cleaned out on Tuesday when the grenade was found in the basement.
- Joe Roberts found the grenade in the afternoon, while he cleaned with his wife Linda Roberts, Orleans Hub reported.
- Relic: This live WWII grenade was found inside an Albion, New York, home.
- Success: The grenade was removed and is being detonated elsewhere.
- The couple was working in the home following an estate sale held by homeowner Elizabeth Donovan, according to the newspaper.","- Authorities say a live hand grenade from World War II has been removed from a western New York state home.
- The couple was working in the home following an estate sale held by homeowner Elizabeth Donovan, according to the newspaper.
- Donoan lived in the house since the 1920s and had recently moved in with relatives, with Orleans Hub reporting that she went to Florida.
- Albion police were contacted by Joe Roberts and photographed the grenakde, then called in the sheriff's office bomb squad took the explosive out of the home and planned to detonate it elsewhere,","<BULLET> Authorities say a live hand grenade from World War II has been removed from a western New York state home.<BULLET> The couple was working in the home following an estate sale held by homeowner Elizabeth Donovan, according to the newspaper.<BULLET> Donoan lived in the house since the 1920s and had recently moved in with relatives, with Orleans Hub reporting that she went to Florida.<BULLET> Albion police were contacted by Joe Roberts and photographed the grenakde, then called in the sheriff's office bomb squad took the explosive out of the home and planned to detonate it elsewhere,",562,132,4.223046644999954,31.25705470392725
247,cnn_dailymail,"A father-of-three died from a burst blood vessel the day after being discharged from hospital with Gaviscon to treat heartburn, an inquest heard. Daren Hooper, 42, was rushed to hospital after collapsing at work and was diagnosed with gastro-oesophageal reflux and given antacids as treatment. But doctors failed to carry out a CT scan which might have spotted that a leaky artery was slowly filling his chest with blood, the hearing was told. Project worker Daren Hooper is pictured here with his wife Kath. He had suffered with digestive problems for the past decade. He collapsed at his home in Ruishton, Somerset, less than 24 hours after being discharged and died en route to Musgrove Park Hospital in Taunton. Recording a narrative verdict, coroner Michael Rose said that ‘not enough consideration’ was given to his diagnosis and that a CT scan could have saved his life. The inquest in Taunton, Somerset, heard how Mr Hooper had suffered from gastrointestinal problems for more than a decade. Three days before he died the project manager collapsed at work and was rushed to the Bristol Royal Infirmary. He was diagnosed with gastro-oesophageal reflux and - despite suffering from severe chest pains - was not given a CT scan that may have spotted any damage to his aorta. Mr Hooper collapsed at home on January 16, 2012, where his young son Archie called an ambulance. He went into cardiac arrest en route to Musgrove Hill hospital in Taunton and neither the paramedics nor the emergency resuscitation team at the hospital were able to revive him. His wife Kath, who was with him in the ambulance, told the inquest: ‘I was leaning over Daren and his eyes went. They just went.’ A post mortem examination recorded . his death to be haemorrhage caused by a ruptured aortic aneurysm - a . massive amount of blood which filled his chest. The . aorta is the largest blood vessel in the body and a rupture is a . catastrophic medical condition which carries just a three per cent . survival rate. Mr Hooper was sent home from the Bristol Royal Infirmary with antacids after he collapsed at work . The inquest heard evidence from five doctors who treated him at the Bristol Royal Infirmary. Dr James Ritchie was a junior doctor at the time and flagged up the possibility Mr Hooper's condition may have been more serious than originally thought. He told the inquest: 'I considered the possibility of aortic dissection. ‘I asked the nurse to check Mr Hooper's blood pressure in both arms and I checked that his right and left pulses were equal in volume and synchronous, which they were.’ He added: ‘I was aware that these were possible signs of aortic dissection but I was unsure how reassuring the normal findings were.’ Dr Ritchie and senior medic Dr Alasdair Macrae checked the chest x-ray, which showed no sign of aortic aneurysm or dissection - where part of the lining of the aorta breaks apart and splits inside the artery. Mr Hooper, a project manager at a property firm, was given Gaviscon during his stay in hospital, the inquest heard. Mr Hooper diagnosed with gastro-oesophageal reflux and given Gaviscon during his stay in hospital, the inquest heard . Coroner Mr Rose said: ‘This is a tragic case. The deceased, Daren Mervyn Hooper, was 42 years of age and I would hope he would have a good life ahead of him. ‘My assessment is I feel not enough consideration was given to what admittedly is a rare but not impossible consideration that something had gone wrong with the aorta. ‘We do not think that full consideration was given to the actual matters that subsequently led to his death. ‘When he was discharged from hospital, he was not the man his wife knew two days earlier."" Ruptured aortic aneurysms in the chest affect only one in 100,000 patients, but the chances of suffering one are dramatically reduced with age. Mr Hooper was in an age bracket where the NHS see perhaps only two or three cases a year, the inquest was told. Mr Rose added: ‘Had the consideration that Mr Hooper was suffering from an aortic leak been fully considered, a CT scan would have been conducted. ‘His leaking aortic aneurysm would have been discovered and this may have led to successful surgery.’ Speaking after the hearing, Mr Hooper's wife Kath said: ""I am satisfied that today's inquest has acknowledged that there are some serious issues for the . Trust to address following the death of my husband. ‘Expert opinion states that his death could have been avoided if he had been given a CT scan when he visited Bristol Royal Infirmary. ‘Indeed, the doctor dealing with him raised the possibility of such a scan but was informed by a senior that it wasn't necessary - that fateful decision has completely devastated my family. ‘It hasn't been helped by the minimal psychological support offered for myself and my children. ‘I will now campaign for better support for bereaved parents and children who really need it to help them rebuild their lives.’ Mr Hooper is survived by his wife Kath and their three children, Joseph, 15, Archie, nine and Darcy, four. Kath's solicitor Andrew Hannam commented after the case: 'We will now consider our options in terms of pursuing this matter further with the objective of securing the kind of support the Hooper family deserve to help them cope without a husband and a father. ‘Meanwhile, it is important to point out that this tragic event has been investigated thoroughly by the Trust who accepted that Darren Hooper's death was regarded as a Serious Untoward Incident. ‘The Serious Untoward Incident investigation has resulted in training for staff at Bristol Royal Infirmary to ensure this 'knowledge gap' is closed and these circumstances don't occur again.'","- A father-of-three died from a burst blood vessel the day after being discharged from hospital with Gaviscon to treat heartburn, an inquest heard.
- Daren Hooper, 42, was rushed to hospital after collapsing at work and was diagnosed with gastro-oesophageal reflux and given antacids as treatment.
- But doctors failed to carry out a CT scan which might have spotted that a leaky artery was slowly filling his chest with blood, the hearing was told.
- He had suffered with digestive problems for the past decade.
- He collapsed at his home in Ruishton, Somerset, less than 24 hours after being discharged and died en route to Musgrove Park Hospital in Taunton.
- Recording a narrative verdict, coroner Michael Rose said that ‘not enough consideration’ was given to his diagnosis and that a CT scan could have saved his life.
- The inquest in Taunton, Somerset, heard how Mr Hooper had suffered from gastrointestinal problems for more than a decade.
- Three days before he died the project manager collapsed at work and was rushed to the Bristol Royal Infirmary.
- He was diagnosed with gastro-oesophageal reflux and - despite suffering from severe chest pains - was not given a CT scan that may have spotted any damage to his aorta.
- Mr Hooper collapsed at home on January 16, 2012, where his young son Archie called an ambulance.","- Daren Hooper, 42, was discharged from hospital with gastro-oesophageal reflux and given antacids as treatment.
- But doctors failed to carry out a CT scan which might have spotted any damage to his aorta, the inquest heard.
- Three days before he died the project manager collapsed at home on January 16, 2012, where his young son Archie called an ambulance.
- He went into cardiac arrest en route to Musgrove Hill hospital in Taunton and neither the paramedics nor the 'investigated' and found out that ‘fundfundfund ‘funding ‘fund ‘1.
- ‘1.","<BULLET> Daren Hooper, 42, was discharged from hospital with gastro-oesophageal reflux and given antacids as treatment.<BULLET> But doctors failed to carry out a CT scan which might have spotted any damage to his aorta, the inquest heard.<BULLET> Three days before he died the project manager collapsed at home on January 16, 2012, where his young son Archie called an ambulance.<BULLET> He went into cardiac arrest en route to Musgrove Hill hospital in Taunton and neither the paramedics nor the 'investigated' and found out that ‘fundfundfund ‘funding ‘fund ‘1.<BULLET> ‘1.",1632,145,8.702551084999982,16.661780963277195
441,email,"Mark, Stephanie further to our conversations please find a summary list which  I will need some help on.
As part of our business plan for 2001 Phillip and  myself will make a presentation to Delainey et al regarding the West  Initiatives.
This is going to happen by Dec. 8.
As you guys know our group in total is going to be made up of a few key areas.
Producer Services  Transportation Origination/ Middle Marketing Trading   Can you put together in draft form a business plan for next year that  outlines some key items.
Once we have a first pass at this, we can  incorporate into the overall package and decide how this fits in with our new  group.
The key subject items should include:    SM/MW/BT 1> Market Overview - supply demand fundamentals in your area.
SM/MW/BT 2> Strategies and opportunities for 2001 ( What new initiatives will  we implement ?)
SM/MW/BT 3> New products and structures for your area SM/MW/BT 4> Issues in 2000 ( what didn't work ?)
BT  5> Organization Issues / people /transition etc.
If you could start thinking about these in greater detail, we can then go  through and incorporate into the west orig.
objectives.
Call me to discuss, but we should start to discuss detail early next week.
BT   Thanks,  BT","- Mark, Stephanie further to our conversations please find a summary list which I will need some help on.
- As part of our business plan for 2001 Phillip and myself will make a presentation to Delainey et al regarding the West Initiatives.
- This is going to happen by Dec.
- As you guys know our group in total is going to be made up of a few key areas.
- Producer Services Transportation Origination/ Middle Marketing Trading Can you put together in draft form a business plan for next year that outlines some key items.",- This is going to happen by Dec. 8.,<BULLET> This is going to happen by Dec. 8.,492,11,0.8410170189999917,13.079402380084426
16,email,"As far as I can discern from my limited due diligence, the Bridgeline interests have not been pledged or encumbered by Enron and it does not appear that they have been directly affected by the Bankruptcy.
Let me know if anything else needs to be rundown quickly.
Jordan","- As far as I can discern from my limited due diligence, the Bridgeline interests have not been pledged or encumbered by Enron and it does not appear that they have been directly affected by the Bankruptcy.
- Let me know if anything else needs to be rundown quickly.","- Let me know if anything else needs to be rundown quickly.
- Jordan",<BULLET> Let me know if anything else needs to be rundown quickly.<BULLET> Jordan,269,18,0.7346116009999832,24.502744001725084
369,email,"We will set up a call-in number to relay to folks any actions the Commission  takes tomorrow.
The Commission meeting starts at 10 AM PST, but it's unclear  when they will take up our issue.
Since the press will likely have the place  surrounded, they may decide to do that item first.
We'll send out a notice  with a call-in # and time as soon as we have the information.
Best,","- We will set up a call-in number to relay to folks any actions the Commission takes tomorrow.
- The Commission meeting starts at 10 AM PST, but it's unclear when they will take up our issue.
- Since the press will likely have the place surrounded, they may decide to do that item first.
- We'll send out a notice with a call-in # and time as soon as we have the information.","- The Commission meeting starts at 10 AM PST, but it's unclear when they will take up our issue.
- Since the press will likely have the place surrounded, they may decide to do that item first.","<BULLET> The Commission meeting starts at 10 AM PST, but it's unclear when they will take up our issue.<BULLET> Since the press will likely have the place surrounded, they may decide to do that item first.",296,46,1.468246506000014,31.329888960757085
402,email,"Dear Advanced Seminar Speakers: We  presume that: 1)	You will be attending and speaking at the Law Conference.
2)	You have connected with your co-speaker and have prepared your program.
3)	If you didn't submit your program materials to ICSC for inclusion in the course book, that you plan on bringing at least 40  	copies with you to hand-out at your program.
If any of the foregoing are not accurate, 	PLEASE CONTACT ME OR RON GERN IMMEDIATELY !!!
We hope you are weathering these difficult times and that everything in your life is under control... and we look forward to seeing you next week in sunny Palm Desert !!
Best regards,","- Dear Advanced Seminar Speakers: We presume that: 1) You will be attending and speaking at the Law Conference.
- 2) You have connected with your co-speaker and have prepared your program.
- 3) If you didn't submit your program materials to ICSC for inclusion in the course book, that you plan on bringing at least 40 copies with you to hand-out at your program.
- If any of the foregoing are not accurate, PLEASE CONTACT ME OR RON GERN IMMEDIATELY!!!
- We hope you are weathering these difficult times and that everything in your life is under control... and we look forward to seeing you next week in sunny Palm Desert!!","- You will be attending and speaking at the Law Conference.
- 2) You have connected with your co-speaker and have prepared your program.
- 3) If any of these are not accurate, PLEASE CONTACT ME OR RON GERN IMMEDIATELY!!!","<BULLET> You will be attending and speaking at the Law Conference.<BULLET> 2) You have connected with your co-speaker and have prepared your program.<BULLET> 3) If any of these are not accurate, PLEASE CONTACT ME OR RON GERN IMMEDIATELY!!!",351,59,1.8636784330000182,31.65782194787003
154,email,"Please use the following address to contact us.
Cathy:     cathywolfe@ezeeweb.com and Larry:     larrywolfe@ezeeweb.com  Please change your addressbooks, we'd hate to miss an email from you.
Larry & Cathy","- Please use the following address to contact us.
- Cathy: cathywolfe@ezeeweb.com and Larry: larrywolfe@ezeeweb.com Please change your addressbooks, we'd hate to miss an email from you.",- Please use the following address to contact us.,<BULLET> Please use the following address to contact us.,264,11,0.5986814489999688,18.373711125297575
297,email,"Dear Alumni,  The Catalog for Giving of New York City is searching for an Executive Director for their organization.
Please note that  the application deadline is December 7th., 2001.
Contact  information is listed following job description.
Thank you.","- Dear Alumni, The Catalog for Giving of New York City is searching for an Executive Director for their organization.
- Please note that the application deadline is December 7th., 2001.
- Contact information is listed following job description.","- The Catalog for Giving of New York City is searching for an Executive Director for their organization.
- The application deadline is December 7th., 2001.
- Contact information is listed following job description.","<BULLET> The Catalog for Giving of New York City is searching for an Executive Director for their organization.<BULLET> The application deadline is December 7th., 2001.<BULLET> Contact information is listed following job description.",251,41,1.3877302130000544,29.544647522924826
375,xsum,"She attended the morning church service at St Mary Magdalene in Sandringham, Norfolk, on Sunday.
There were concerns about the monarch's health after she missed services on Christmas Day and New Year's Day, which she normally attends with other members of the royal family.
Buckingham Palace said she was ""recuperating"" from a heavy cold.
The Queen, dressed in blue, arrived with Prince Philip at about 11:00 GMT in a maroon Bentley.
Shortly after, she was joined by other members of the royal family, including the Duke and Duchess of Cambridge, as well as the Middleton family.
They stayed at the church for an hour, before being driven back to their estate at 12:00 GMT.
By Daniela Relph, BBC correspondent
It is a chilly, damp Sandringham day. Perhaps just the sort of day you wouldn't venture out if you had a cold.
But today the Queen felt well enough to make her first public appearance since arriving on her Sandringham estate in December.
She was cheered by members of the public as she emerged from the car.
Her absence from the Christmas Day church service here was significant in that she rarely fails to appear at these regular public events, where people expect to see her.
She will know that her absence causes concern and rumour.
But officials had always maintained she just had a heavy cold and at 90 years old was being cautious.
She will stay on her Norfolk estate until next month.
Members of the public came out to greet the Queen.
One woman said she had seen her get out the car and speak to the vicar, before going up the steps to church.
A man added: ""We saw her very close up. We have been waiting the past three weeks to know she has attended. It is very nice to see her and of course, Prince Philip too.""
Both the Queen and the Duke of Edinburgh cancelled their plans to travel to Sandringham for Christmas on 21 December because of heavy colds. The next day, they travelled by helicopter to the estate, rather than taking the train.
Prince Philip made a full recovery by Christmas Day and attended church with Prince Charles, Prince Harry and others, but the Palace said the Queen was staying indoors to help with her recovery.
The monarch also failed to attend the New Year's Day church service, although her daughter Princess Anne told well-wishers she was feeling ""better"".","- She attended the morning church service at St Mary Magdalene in Sandringham, Norfolk, on Sunday.
- There were concerns about the monarch's health after she missed services on Christmas Day and New Year's Day, which she normally attends with other members of the royal family.
- Buckingham Palace said she was ""recuperating"" from a heavy cold.
- The Queen, dressed in blue, arrived with Prince Philip at about 11:00 GMT in a maroon Bentley.
- Shortly after, she was joined by other members of the royal family, including the Duke and Duchess of Cambridge, as well as the Middleton family.
- They stayed at the church for an hour, before being driven back to their estate at 12:00 GMT.","- Buckingham Palace said she was ""recuperating"" from a heavy cold.
- The Queen arrived with Prince Philip at about 11:00 GMT in a maroon Bentley.
- Shortly after, she was joined by other members of the royal family, including the Duke and Duchess of Cambridge, as well as the Middleton family.
- They stayed at the church for an hour, before being driven back to their estate at 12:00 GMT.
- Members of the public came out to greet the Queen.
- Both the Queen and the Duke of Edinburgh cancelled their plans to travel to Sandringham for Christmas on 21 December.
- She was feeling ""better"".
- She will stay on her Norfolk estate until next month.
- He said she is ""receptive"".
- The next day, they travelled by helicopter to the estate, rather than taking the train.","<BULLET> Buckingham Palace said she was ""recuperating"" from a heavy cold.<BULLET> The Queen arrived with Prince Philip at about 11:00 GMT in a maroon Bentley.<BULLET> Shortly after, she was joined by other members of the royal family, including the Duke and Duchess of Cambridge, as well as the Middleton family.<BULLET> They stayed at the church for an hour, before being driven back to their estate at 12:00 GMT.<BULLET> Members of the public came out to greet the Queen.<BULLET> Both the Queen and the Duke of Edinburgh cancelled their plans to travel to Sandringham for Christmas on 21 December.<BULLET> She was feeling ""better"".<BULLET> She will stay on her Norfolk estate until next month.<BULLET> He said she is ""receptive"".<BULLET> The next day, they travelled by helicopter to the estate, rather than taking the train.",716,182,6.973347964000027,26.099371627455948
295,xsum,"27 June 2017 Last updated at 07:27 BST
But koala numbers have fallen and now there are fewer than 40,000 left in the wild.
The biggest threats to koalas are dog attacks, road traffic, and the loss of places to live.
But people are trying to find new ways to keep the creatures safe - Ayshah's been finding out more.","- 27 June 2017 Last updated at 07:27 BST But koala numbers have fallen and now there are fewer than 40,000 left in the wild.
- The biggest threats to koalas are dog attacks, road traffic, and the loss of places to live.
- But people are trying to find new ways to keep the creatures safe - Ayshah's been finding out more.","- The biggest threats to koalas are dog attacks, road traffic, and the loss of places to live.
- People are trying to find new ways to keep the creatures safe - Ayshah's been finding out more.","<BULLET> The biggest threats to koalas are dog attacks, road traffic, and the loss of places to live.<BULLET> People are trying to find new ways to keep the creatures safe - Ayshah's been finding out more.",291,54,1.650266945999988,32.721978787061275
204,xsum,"Patrick Brennan, 53, of Lindisfarne Avenue, Clondalkin in Dublin, was arrested on 16 June last year.
The Special Criminal Court in Dublin heard he was intercepted by detectives on board the bus with enough explosives to make eight car bombs.
Busáras in Dublin was evacuated during the incident.
Irish broadcaster RTÉ reports that Brennan was caught sitting on a Bus Éireann bus to Derry with four 400g blocks of TNT and three electric explosive detonators in a canvas bag on the seat beside him.
The court offered to suspend the final two years of Brennan's sentence if he agreed not to associate with members of unlawful organisations.
The father-of-six, who is a dissident republican, refused and the full sentence was imposed.","- Patrick Brennan, 53, of Lindisfarne Avenue, Clondalkin in Dublin, was arrested on 16 June last year.
- The Special Criminal Court in Dublin heard he was intercepted by detectives on board the bus with enough explosives to make eight car bombs.
- Busáras in Dublin was evacuated during the incident.
- Irish broadcaster RTÉ reports that Brennan was caught sitting on a Bus Éireann bus to Derry with four 400g blocks of TNT and three electric explosive detonators in a canvas bag on the seat beside him.
- The court offered to suspend the final two years of Brennan's sentence if he agreed not to associate with members of unlawful organisations.","- Patrick Brennan, 53, of Lindisfarne Avenue, Clondalkin in Dublin, was arrested on 16 June last year.
- The Special Criminal Court heard he was intercepted by detectives on board the bus with enough explosives to make eight car bombs.
- Busáras in Dublin was evacuated during the incident.
- A court offered to suspend the final two years of Brennan's sentence if he agreed not to associate with members of unlawful organisations.
- He refused and the full sentence was imposed.","<BULLET> Patrick Brennan, 53, of Lindisfarne Avenue, Clondalkin in Dublin, was arrested on 16 June last year.<BULLET> The Special Criminal Court heard he was intercepted by detectives on board the bus with enough explosives to make eight car bombs.<BULLET> Busáras in Dublin was evacuated during the incident.<BULLET> A court offered to suspend the final two years of Brennan's sentence if he agreed not to associate with members of unlawful organisations.<BULLET> He refused and the full sentence was imposed.",387,117,3.567301495000038,32.79790064394284
136,xsum,"The person they choose will make decisions about how the US is run and how it works with other countries.
The process to pick a new president is a long one starting in February before building up to election day in November 2016.
Here is Newsround's guide to who may be the next president of the United States.
Political Party
Democrat
Who is she?
Former US Secretary of State, who is the president's top adviser on how the US works with other countries.
She was the First Lady of the United States for eight years, while her husband, Bill Clinton, was the president from 1993 to 2001.
She's 68 and was born in Chicago, Illinois.
Family
Married to former US president Bill Clinton. They have one daughter, Chelsea, and one granddaughter, Charlotte.
Career highlights?
During her four years as Secretary of State, Mrs Clinton visited 112 countries - more than anyone else before her.
She used her position to highlight women's rights and human rights.
Low points?
She ran for president in 2008 but lost in her party's nomination race to Barack Obama.
While serving as Secretary of State, Clinton used a personal e-mail address to carry out work, which reportedly left sensitive information open to cyber attack.
What you might not know about her
Clinton was a Brownie and a Girl Scout during her childhood.
She also packs a small bottle of Tabasco hot sauce whenever she is travelling on the road.
Find out more about Hillary Clinton.
Political Party
Republican
Who is he?
One of America's most famous businessmen, who is worth more than Â£3 billion, according to Forbes magazine.
Trump also starred on the American reality shows 'The Apprentice' and 'Celebrity Apprentice'. He's 69 and was born in Queens, New York.
Family
He's married to Melania, his third wife, and they have a son called Barron. Trump also has four children from previous marriages called Donald Junior, Ivanka, Eric, and Tiffany.
Career highlight?
He leads a successful company that builds hotels, casinos and other property around the world.
Even though he has no previous political experience, Trump was the favourite to become the Republican party's pick for president after winning lots of support from voters.
Biggest blooper?
Trump has upset many people with his controversial ideas and views. He wants to ban Muslims from coming into the US.
He's also keen to build a wall between America and Mexico to keep out illegal immigrants.
What you might not know about him
Trump was a star baseball player at New York Military Academy when he was a teenager.
He has written 16 books to help people learn how to think like a billionaire.
Find out more about Donald Trump here.","- The person they choose will make decisions about how the US is run and how it works with other countries.
- The process to pick a new president is a long one starting in February before building up to election day in November 2016.
- Here is Newsround's guide to who may be the next president of the United States.
- Former US Secretary of State, who is the president's top adviser on how the US works with other countries.
- She was the First Lady of the United States for eight years, while her husband, Bill Clinton, was the president from 1993 to 2001.
- She's 68 and was born in Chicago, Illinois.
- Family Married to former US president Bill Clinton.
- During her four years as Secretary of State, Mrs Clinton visited 112 countries - more than anyone else before her.","- The person they choose will make decisions about how the US is run and how it works with other countries.
- The process to pick a new president is a long one starting in February before building up to election day in November 2016.
- Political Party Republican Who is he?
- One of America's most famous businessmen, who is worth more than <unk>£3 billion, according to Forbes magazine.
- Trump also starred on the American reality shows 'The Apprentice' and 'Celebrity Apprentice'.
- He's also keen to build a wall between America and Mexico to keep out illegal immigrants.
- They choose will making decisions about the US.
- She was the first lady of the United States.
- Her own.
- It is 68 and was born in Chicago, Illinois.
- His biggest blooper?","<BULLET> The person they choose will make decisions about how the US is run and how it works with other countries.<BULLET> The process to pick a new president is a long one starting in February before building up to election day in November 2016.<BULLET> Political Party Republican Who is he?<BULLET> One of America's most famous businessmen, who is worth more than <unk>£3 billion, according to Forbes magazine.<BULLET> Trump also starred on the American reality shows 'The Apprentice' and 'Celebrity Apprentice'.<BULLET> He's also keen to build a wall between America and Mexico to keep out illegal immigrants.<BULLET> They choose will making decisions about the US.<BULLET> She was the first lady of the United States.<BULLET> Her own.<BULLET> It is 68 and was born in Chicago, Illinois.<BULLET> His biggest blooper?",789,178,6.651289077999877,26.761729630540543
449,ag_news,"Sportsview: Clemens at Fenway Not to Be (AP) AP - All of New England would have been quaking with anticipation. Just imagine: Roger Clemens back at Fenway, wearing the enemy's colors for a fourth time in the postseason, this time in Game 7 of the World Series.","- Sportsview: Clemens at Fenway Not to Be.
- Sportsview: Clemens at Fenway Not to Be (AP) AP - All of New England would have been quaking with anticipation.",- Roger Clemens back at Fenway not to Be (AP),<BULLET> Roger Clemens back at Fenway not to Be (AP),279,18,0.7460515769998892,24.127018231613057
179,ag_news,"Ellison: Oracle Makes  #39;Final #39; PeopleSoft Bid, But CEO Can #39;t Buy &lt;b&gt;...&lt;/b&gt; Oracle (nasdaq: ORCL - news - people ) presented its  quot;best and final offer quot; for takeover prey PeopleSoft (nasdaq: PSFT - news - people ) Monday.","- Ellison: Oracle Makes 'Final ' PeopleSoft Bid, But CEO Can 't Buy...
- Oracle (nasdaq: ORCL - news - people) presented its quot;best and final offer quot; for takeover prey PeopleSoft (nasdaq: PSFT - news - people) Monday.","- Ellison Makes #39;Final #39); PeopleSoft Bid, But CEO Can #39.
- PSFT - news - people presented its quot;best and final offer quot); for takeover prey PeopleSoft (nasdaq: ORCL - News - gens ) Monday.","<BULLET> Ellison Makes #39;Final #39); PeopleSoft Bid, But CEO Can #39.<BULLET> PSFT - news - people presented its quot;best and final offer quot); for takeover prey PeopleSoft (nasdaq: ORCL - News - gens ) Monday.",311,73,2.1974083180000434,33.22095370351582
370,cnn_dailymail,"Budweiser knows the way to sell beer is through a heartwarming inter-species friendship story featuring their famous Clydesdales. Last year their ad about a trainer being reunited with his horse was rated the number one Super Bowl ad by USA Today. The beer company released their latest Super Bowl ad yesterday, which features the unlikely  friendship between a Clydesdale and a cute yellow Labrador puppy. Scroll down for video . Escape: Budweiser's latest Super Bowl ad features an adorable puppy who enjoys spending time with horses instead of his own kind . Budweiser tugged at the heart strings with its cute tale of a puppy and his horse friend . Unlikely: The puppy and Clydesdale are best friends despite their different species . The puppy belongs to an adoption farm next door, but digs its way underneath the fence to visit his horse friends at the farm next door. The owner of the horse farm is constantly having to return the rogue puppy who seems to think its a horse, rather than a dog. But one day someone comes to adopt the puppy and he looks sad as he's put in the back seat of the car. Sad to go: But one day the puppy is adopted and is ferried off the adoption farm by his new owner . Don't go! Seeing their canine friend leaving, the Clydesdales rush to action to stop the car . Where the dog belongs: The horses are able to stop the car and the last scene shows the puppy returned to the farm . Like the end of a romantic comedy, the puppy stares out the back window of the car as a group of Clydesdales chase after him. The horses are able to stop the car and the last scene shows the puppy sauntering back up the driveway to the horse farm, where he belongs. The beer brand is also planning another advertisement to pay tribute to soldiers returning from Afghanistan. The company has purchased a total of four minutes of ad time for this year's super bowl. The rate for a 30 second spot is estimated to be $4million, meaning the beer brand shelled out more than $30million for the big game. On top: Budweiser's ad last year about a man being reunited with his horse was rated the number one Super Bowl spot by USA Today .","- Budweiser knows the way to sell beer is through a heartwarming inter-species friendship story featuring their famous Clydesdales.
- Last year their ad about a trainer being reunited with his horse was rated the number one Super Bowl ad by USA Today.
- The beer company released their latest Super Bowl ad yesterday, which features the unlikely friendship between a Clydesdale and a cute yellow Labrador puppy.
- Escape: Budweiser's latest Super Bowl ad features an adorable puppy who enjoys spending time with horses instead of his own kind.
- Budweiser tugged at the heart strings with its cute tale of a puppy and his horse friend.
- Unlikely: The puppy and Clydesdale are best friends despite their different species.","- Budweiser knows the way to sell beer is through a heartwarming inter-species friendship story featuring their famous Clydesdales.
- The beer brand is also planning another advertisement to pay tribute to soldiers returning from Afghanistan.
- the company has purchased a total of four minutes of ad time for this year's super bowl.
- It rate for a 30 second spot is estimated to be $4million, meaning the beer brand shelled out more than $30million for the big game.","<BULLET> Budweiser knows the way to sell beer is through a heartwarming inter-species friendship story featuring their famous Clydesdales.<BULLET> The beer brand is also planning another advertisement to pay tribute to soldiers returning from Afghanistan.<BULLET> the company has purchased a total of four minutes of ad time for this year's super bowl.<BULLET> It rate for a 30 second spot is estimated to be $4million, meaning the beer brand shelled out more than $30million for the big game.",732,109,3.8008886240002084,28.67750433720523
